resultId,raceId,driverId,constructorId,number,grid,position,positionText,positionOrder,points,laps,time,milliseconds,fastestLap,rank,fastestLapTime,fastestLapSpeed,statusId
1,18,1,1,22,1,1,1,1,10,58,34:50.6,5690616,39,2,01:27.5,218.3,1
3,18,3,3,7,7,3,3,3,6,58,8.163,5698779,41,5,01:28.1,216.719,1
4,18,4,4,5,11,4,4,4,5,58,17.181,5707797,58,7,01:28.6,215.464,1
23,19,8,6,1,2,1,1,1,10,56,31:18.6,5478555,37,2,01:35.4,209.158,1
27,19,1,1,22,9,5,5,5,4,56,46.548,5525103,53,3,01:35.5,209.033,1
30,19,4,4,5,7,8,8,8,1,56,+1:10.041,5548596,40,10,01:36.3,207.24,1
32,19,18,11,16,11,10,10,10,0,56,+1:26.214,5564769,56,4,01:35.7,208.481,1
33,19,12,4,6,13,11,11,11,0,56,+1:32.202,5570757,52,15,01:37.0,205.812,1
46,20,8,6,1,4,2,2,2,8,57,3.339,5470309,35,4,01:33.7,207.911,1
52,20,3,3,7,8,8,8,8,1,57,55.889,5522859,57,6,01:34.1,207.109,1
54,20,4,4,5,10,10,10,10,0,57,+1:17.181,5544151,35,13,01:35.2,204.668,1
67,21,8,6,1,1,1,1,1,10,66,38:19.1,5899051,46,1,01:21.7,205.191,1
69,21,1,1,22,5,3,3,3,6,66,4.187,5903238,20,3,01:22.0,204.323,1
72,21,18,11,16,13,6,6,6,3,66,53.01,5952061,66,5,01:22.4,203.489,1
90,22,1,1,22,3,2,2,2,8,58,3.779,5213230,31,2,01:26.5,222.085,1
91,22,8,6,1,4,3,3,3,6,58,4.271,5213722,20,1,01:26.5,222.144,1
94,22,4,4,5,7,6,6,6,3,58,53.724,5263175,57,6,01:27.3,220.174,1
96,22,3,3,7,11,8,8,8,1,58,+1:11.406,5280857,55,9,01:27.8,218.882,1
109,23,1,1,22,3,1,1,1,10,76,00:42.7,7242742,71,6,01:18.5,153.152,1
113,23,20,5,15,19,5,5,5,4,76,24.657,7267399,74,7,01:18.8,152.614,1
117,23,8,6,1,2,9,9,9,0,76,33.792,7276534,74,1,01:16.7,156.789,1
136,24,20,5,15,19,8,8,8,1,70,54.12,5838347,33,12,01:18.5,199.913,1
138,24,3,3,7,5,10,10,10,0,70,54.749,5838976,14,5,01:18.0,201.336,1
139,24,18,11,16,20,11,11,11,0,70,+1:07.540,5851767,58,19,01:19.4,197.847,1
150,25,8,6,1,1,2,2,2,8,70,17.984,5528229,16,1,01:16.6,207.224,1
155,25,12,4,6,9,7,7,7,2,70,41.033,5551278,24,10,01:17.8,204.218,1
156,25,4,4,5,3,8,8,8,1,70,43.372,5553617,39,8,01:17.6,204.525,1
158,25,1,1,22,13,10,10,10,0,70,54.538,5564783,40,5,01:17.5,205.022,1
160,25,20,5,15,12,12,12,12,0,70,58.065,5568310,36,11,01:17.8,204.212,1
169,26,1,1,22,4,1,1,1,10,60,39:09.4,5949440,16,3,01:32.8,199.398,1
189,27,1,1,22,1,1,1,1,10,67,31:20.9,5480874,17,2,01:16.0,216.552,1
190,27,12,4,6,17,2,2,2,8,67,5.586,5486460,66,9,01:16.9,214.099,1
194,27,8,6,1,6,6,6,6,3,67,14.403,5495277,66,3,01:16.3,215.692,1
196,27,20,5,15,9,8,8,8,1,67,33.299,5514173,20,8,01:16.8,214.484,1
198,27,3,3,7,13,10,10,10,0,67,37.625,5518499,34,15,01:17.4,212.799,1
199,27,4,4,5,5,11,11,11,0,67,38.6,5519474,17,13,01:17.1,213.53,1
211,28,8,6,1,6,3,3,3,6,70,16.856,5863923,61,1,01:21.2,194.243,1
212,28,4,4,5,7,4,4,4,5,70,21.614,5868681,47,8,01:21.8,192.823,1
213,28,1,1,22,1,5,5,5,4,70,23.048,5870115,15,3,01:21.5,193.533,1
214,28,12,4,6,10,6,6,6,3,70,32.298,5879365,64,4,01:21.5,193.428,1
230,29,1,1,22,2,2,2,2,8,57,5.611,5737950,16,2,01:38.9,197.285,1
234,29,20,5,15,6,6,6,6,3,57,52.625,5784964,36,6,01:39.5,196.093,1
236,29,3,3,7,9,8,8,8,1,57,+1:11.457,5803796,35,10,01:39.6,195.912,1
239,29,12,4,6,15,11,11,11,0,57,+1:32.717,5825056,29,9,01:39.5,195.977,1
251,30,1,1,22,1,3,3,3,6,44,10.539,4989933,20,2,01:48.1,233.175,1
252,30,4,4,5,6,4,4,4,5,44,14.478,4993872,25,9,01:49.2,230.82,1
253,30,20,5,15,10,5,5,5,4,44,14.576,4993970,16,8,01:49.1,231.142,1
269,31,20,5,15,1,1,1,1,10,53,26:47.5,5207494,53,14,01:30.5,230.414,1
272,31,4,4,5,8,4,4,4,5,53,23.903,5231397,51,9,01:30.0,231.82,1
275,31,1,1,22,15,7,7,7,2,53,29.912,5237406,52,5,01:29.7,232.44,1
277,31,8,6,1,14,9,9,9,0,53,39.468,5246962,53,1,01:28.0,236.859,1
278,31,12,4,6,17,10,10,10,0,53,54.445,5261939,53,16,01:30.9,229.38,1
282,31,3,3,7,5,14,14,14,0,53,+1:08.635,5276129,53,10,01:30.0,231.671,1
283,31,18,11,16,19,15,15,15,0,53,+1:13.370,5280864,52,7,01:29.8,232.166,1
289,32,4,4,5,15,1,1,1,10,61,57:16.3,7036304,55,3,01:45.8,172.464,1
290,32,3,3,7,8,2,2,2,8,61,2.957,7039261,39,5,01:46.5,171.352,1
291,32,1,1,22,2,3,3,3,6,61,5.917,7042221,14,4,01:46.1,171.969,1
293,32,20,5,15,6,5,5,5,4,61,10.268,7046572,13,9,01:47.3,170.047,1
297,32,18,11,16,12,9,9,9,0,61,19.885,7056189,61,15,01:48.1,168.7,1
309,33,4,4,5,4,1,1,1,10,67,30:21.9,5421892,41,3,01:19.1,207.668,1
311,33,8,6,1,2,3,3,3,6,67,6.4,5428292,66,2,01:19.0,207.947,1
312,33,12,4,6,12,4,4,4,5,67,20.57,5442462,54,4,01:19.2,207.411,1
314,33,20,5,15,9,6,6,6,3,67,39.207,5461099,21,12,01:19.6,206.322,1
319,33,3,3,7,15,11,11,11,0,67,+1:02.096,5483988,66,10,01:19.5,206.545,1
320,33,1,1,22,1,12,12,12,0,67,+1:18.900,5500792,65,11,01:19.6,206.47,1
329,34,1,1,22,1,1,1,1,10,56,31:57.4,5517403,13,1,01:36.3,203.722,1
331,34,8,6,1,2,3,3,3,6,56,16.445,5533848,14,2,01:36.5,203.389,1
332,34,4,4,5,4,4,4,4,5,56,18.37,5535773,56,5,01:36.7,203.018,1
336,34,12,4,6,10,8,8,8,1,56,56.645,5574048,56,8,01:37.0,202.313,1
337,34,20,5,15,6,9,9,9,0,56,+1:04.339,5581742,55,9,01:37.2,201.863,1
350,35,4,4,5,6,2,2,2,8,71,13.298,5664733,39,8,01:14.2,208.98,1
351,35,8,6,1,3,3,3,3,6,71,16.235,5667670,59,3,01:14.1,209.296,1
352,35,20,5,15,7,4,4,4,5,71,38.011,5689446,25,7,01:14.2,209.022,1
353,35,1,1,22,4,5,5,5,4,71,38.907,5690342,31,4,01:14.2,209.177,1
369,36,8,6,6,1,1,1,1,10,58,25:28.8,5128770,41,1,01:25.2,223.978,1
370,36,4,1,1,2,2,2,2,8,58,7.242,5136012,20,2,01:26.3,221.178,1
371,36,1,1,2,4,3,3,3,6,58,18.595,5147365,20,3,01:26.4,221.083,1
391,37,4,1,1,2,1,1,1,10,56,32:14.9,5534930,42,2,01:36.9,206.014,1
392,37,1,1,2,4,2,2,2,8,56,17.557,5552487,22,1,01:36.7,206.355,1
393,37,8,6,6,3,3,3,3,6,56,18.339,5553269,40,4,01:37.2,205.237,1
414,38,1,1,2,2,2,2,2,8,57,2.36,5609875,18,2,01:34.3,206.674,1
415,38,8,6,6,3,3,3,3,6,57,10.839,5618354,39,3,01:34.4,206.483,1
417,38,4,1,1,4,5,5,5,4,57,14.426,5621941,46,4,01:34.4,206.346,1
422,38,3,3,16,10,10,10,10,0,57,+1:29.916,5697431,51,11,01:35.6,203.893,1
436,39,1,1,2,4,2,2,2,8,65,6.79,5503020,20,2,01:22.9,202.205,1
437,39,4,1,1,2,3,3,3,6,65,17.456,5513686,17,3,01:23.0,201.986,1
440,39,3,3,16,11,6,6,6,3,65,59.538,5555768,60,10,01:23.7,200.231,1
457,40,4,1,1,1,1,1,1,10,78,40:29.3,6029329,44,1,01:15.3,159.715,1
458,40,1,1,2,2,2,2,2,8,78,4.095,6033424,28,2,01:15.4,159.528,1
479,41,1,1,2,1,1,1,1,10,70,44:11.3,6251292,37,2,01:16.5,205.239,1
483,41,8,6,6,4,5,5,5,4,70,13.007,6264299,21,5,01:16.9,204.259,1
485,41,4,1,1,2,7,7,7,2,70,21.936,6273228,46,1,01:16.4,205.58,1
488,41,3,3,16,7,10,10,10,0,70,23.984,6275276,42,6,01:17.2,203.478,1
501,42,1,1,2,1,1,1,1,10,73,31:10.0,5469965,20,2,01:13.2,206.101,1
502,42,4,1,1,2,2,2,2,8,73,1.5,5471465,21,3,01:13.3,206.003,1
504,42,8,6,6,4,4,4,4,5,73,15.4,5485365,49,1,01:13.1,206.397,1
508,42,20,2,10,7,8,8,8,1,73,67.7,5537665,53,6,01:13.9,204.316,1
523,43,8,6,6,3,1,1,1,10,70,30:54.2,5454200,20,2,01:16.2,208.374,1
525,43,1,1,2,2,3,3,3,6,70,32.153,5486353,39,4,01:16.6,207.34,1
529,43,4,1,1,10,7,7,7,2,70,56.516,5510716,36,3,01:16.5,207.59,1
530,43,18,11,7,12,8,8,8,1,70,58.885,5513085,70,6,01:16.8,206.846,1
531,43,3,3,16,9,9,9,9,0,70,+1:08.505,5522705,69,9,01:17.0,206.199,1
545,44,8,6,6,2,1,1,1,10,59,21:43.1,4903074,17,1,01:20.6,229.514,1
546,44,4,1,1,3,2,2,2,8,59,2.459,4905533,35,3,01:21.1,228.159,1
547,44,1,1,2,1,3,3,3,6,59,39.373,4942447,11,4,01:21.7,226.6,1
567,45,4,1,1,2,1,1,1,10,60,06:26.4,7586358,35,2,01:33.2,198.783,1
589,46,1,1,2,1,1,1,1,10,70,35:53.0,5752991,13,2,01:20.2,196.724,1
590,46,8,6,6,3,2,2,2,8,70,0.715,5753706,70,1,01:20.0,197.029,1
592,46,4,1,1,6,4,4,4,5,70,44.858,5797849,49,3,01:20.3,196.349,1
595,46,3,3,16,4,7,7,7,2,70,59.139,5812130,68,6,01:20.7,195.502,1
612,47,8,6,6,3,2,2,2,8,58,2.275,5204436,57,1,01:27.3,220.136,1
613,47,4,1,1,4,3,3,3,6,58,26.181,5228342,39,4,01:28.1,218.199,1
615,47,1,1,2,2,5,5,5,4,58,45.085,5247246,17,3,01:28.0,218.464,1
617,47,3,3,16,8,7,7,7,2,58,55.778,5257939,37,6,01:28.5,217.05,1
633,48,4,1,1,1,1,1,1,10,53,18:37.8,4717806,15,1,01:22.9,251.653,1
634,48,1,1,2,2,2,2,2,8,53,6.062,4723868,17,2,01:22.9,251.456,1
635,48,8,6,6,5,3,3,3,6,53,27.325,4745131,21,3,01:23.4,250.147,1
638,48,3,3,16,8,6,6,6,3,53,+1:05.810,4783616,52,8,01:24.5,246.884,1
640,48,18,11,7,10,8,8,8,1,53,+1:02.168,4779974,32,9,01:24.5,246.708,1
655,49,8,6,6,1,1,1,1,10,44,20:39.1,4839066,12,2,01:48.1,233.261,1
657,49,4,1,1,3,3,3,3,6,44,14.343,4853409,44,3,01:48.2,233.073,1
658,49,1,1,2,4,4,4,4,5,44,23.615,4862681,41,4,01:48.2,233.002,1
660,49,3,3,16,5,6,6,6,3,44,+1:16.876,4915942,29,9,01:49.8,229.704,1
677,50,1,1,2,1,1,1,1,10,67,00:34.6,7234579,27,1,01:28.2,186.259,1
679,50,8,6,6,3,3,3,3,6,67,9.478,7244057,29,8,01:29.6,183.295,1
699,51,8,6,6,2,1,1,1,10,56,37:58.4,5878395,52,3,01:38.3,199.66,1
700,51,4,1,1,4,2,2,2,8,56,9.806,5888201,54,2,01:38.0,200.259,1
702,51,20,5,19,17,4,4,4,5,56,53.509,5931904,52,13,01:39.9,196.452,1
703,51,18,11,7,10,5,5,5,4,56,+1:08.666,5947061,39,5,01:38.9,198.392,1
721,52,8,6,6,3,1,1,1,10,71,28:15.3,5295270,66,1,01:12.4,214.126,1
723,52,4,1,1,4,3,3,3,6,71,57.019,5352289,59,6,01:13.2,212.062,1
724,52,3,3,16,10,4,4,4,5,71,+1:02.848,5358118,56,7,01:13.2,212.036,1
743,53,4,4,1,4,1,1,1,10,57,29:46.2,5386205,21,3,01:32.5,210.551,1
744,53,30,6,5,1,2,2,2,8,57,1.246,5387451,38,2,01:32.5,210.576,1
745,53,8,1,3,22,3,3,3,6,57,19.36,5405565,29,8,01:32.9,209.803,1
746,53,18,11,12,3,4,4,4,5,57,19.992,5406197,39,5,01:32.7,210.109,1
749,53,3,3,10,12,7,7,7,2,57,+1:03.043,5449248,42,1,01:32.4,210.838,1
766,54,4,4,1,7,2,2,2,8,56,4.585,5445114,45,1,01:34.8,210.487,1
767,54,18,11,12,2,3,3,3,6,56,9.631,5450160,35,4,01:35.6,208.723,1
770,54,30,6,5,14,6,6,6,3,56,43.854,5484383,44,5,01:35.6,208.629,1
771,54,35,2,17,10,7,7,7,2,56,+1:20.461,5520990,43,9,01:36.0,207.858,1
787,55,4,4,1,3,1,1,1,10,57,34:27.9,5667870,49,2,01:26.2,221.499,1
788,55,8,1,3,4,2,2,2,8,57,1.8,5669670,57,1,01:26.0,221.869,1
792,55,35,2,17,19,6,6,6,3,57,49.5,5717370,56,13,01:28.3,216.152,1
809,56,30,6,5,1,1,1,1,10,62,31:06.5,5466486,19,2,01:24.6,210.961,1
810,56,4,4,1,5,2,2,2,8,62,2.096,5468582,23,1,01:24.6,211.098,1
813,56,8,1,3,8,5,5,5,4,62,17.524,5484010,49,3,01:25.0,209.961,1
815,56,18,11,12,2,7,7,7,2,62,39.635,5506121,29,6,01:25.3,209.174,1
819,56,3,3,10,13,11,11,11,0,62,+1:19.675,5546161,30,15,01:26.4,206.581,1
820,56,35,2,17,12,12,12,12,0,62,+1:22.370,5548856,53,8,01:25.4,208.951,1
831,57,30,6,5,2,1,1,1,10,60,35:58.8,5758765,39,1,01:32.1,201.226,1
832,57,4,4,1,1,2,2,2,8,60,3.751,5762516,37,3,01:32.5,200.285,1
834,57,8,1,3,5,4,4,4,5,60,4.879,5763644,43,2,01:32.5,200.415,1
837,57,3,3,10,22,7,7,7,2,60,+1:14.565,5833330,48,7,01:33.6,198.044,1
838,57,35,2,17,9,8,8,8,1,60,+1:29.364,5848129,38,12,01:34.0,197.079,1
853,58,4,4,1,1,1,1,1,10,66,26:21.8,5181759,39,2,01:16.7,217.108,1
854,58,30,6,5,3,2,2,2,8,66,18.502,5200261,43,3,01:16.9,216.546,1
857,58,8,1,3,9,5,5,5,4,66,56.875,5238634,40,5,01:17.4,215.328,1
858,58,18,11,12,8,6,6,6,3,66,58.347,5240106,40,6,01:17.4,215.301,1
875,59,4,4,1,1,1,1,1,10,78,43:43.1,6223116,11,3,01:15.7,158.898,1
879,59,30,6,5,22,5,5,5,4,78,53.83,6276946,74,1,01:15.1,160.014,1
897,60,4,4,1,1,1,1,1,10,60,25:51.9,5151927,21,1,01:21.6,226.811,1
898,60,30,6,5,3,2,2,2,8,60,13.951,5165878,53,2,01:21.9,225.884,1
899,60,8,1,3,2,3,3,3,6,60,18.672,5170599,15,5,01:22.5,224.44,1
904,60,35,2,17,10,8,8,8,1,60,+1:18.299,5230226,46,10,01:22.9,223.195,1
905,60,3,3,10,12,9,9,9,0,60,+1:19.008,5230935,47,9,01:22.9,223.209,1
919,61,4,4,1,1,1,1,1,10,70,34:37.3,5677308,22,2,01:15.9,206.815,1
920,61,30,6,5,5,2,2,2,8,70,2.1,5679408,68,3,01:16.0,206.592,1
921,61,8,1,3,3,3,3,3,6,70,8.8,5686108,22,1,01:15.8,207.006,1
941,62,30,6,5,1,1,1,1,10,73,34:35.2,5675199,56,1,01:12.7,207.527,1
945,62,4,4,1,5,5,5,5,4,73,28.41,5703609,72,6,01:13.3,205.837,1
963,63,30,6,5,1,1,1,1,10,70,32:07.8,5527803,46,1,01:17.1,205.931,1
964,63,4,4,1,3,2,2,2,8,70,10.1,5537903,23,5,01:17.8,204.186,1
967,63,8,1,3,6,5,5,5,4,70,33,5560803,30,4,01:17.7,204.325,1
985,64,30,6,5,2,1,1,1,10,67,27:51.7,5271693,17,1,01:16.4,215.65,1
987,64,8,1,3,1,3,3,3,6,67,13.2,5284893,4,3,01:16.5,215.317,1
988,64,18,11,12,4,4,4,4,5,67,18.8,5290493,14,7,01:16.8,214.356,1
989,64,4,4,1,7,5,5,5,4,67,23.7,5295393,66,9,01:17.3,213.14,1
1007,65,18,11,12,14,1,1,1,10,70,52:20.9,6740941,57,4,01:25.1,185.236,1
1030,66,4,4,1,3,2,2,2,8,58,5.575,5336657,38,3,01:28.2,217.766,1
1031,66,30,6,5,2,3,3,3,6,58,5.656,5336738,55,1,01:28.0,218.36,1
1032,66,18,11,12,6,4,4,4,5,58,12.334,5343416,58,4,01:28.5,217.202,1
1051,67,30,6,5,2,1,1,1,10,53,14:52.0,4491975,14,2,01:22.6,252.555,1
1052,67,8,1,3,1,2,2,2,8,53,8.046,4500021,13,1,01:22.6,252.604,1
1055,67,18,11,12,5,5,5,5,4,53,32.685,4524660,51,7,01:23.5,249.704,1
1073,68,30,6,5,6,1,1,1,10,56,37:32.7,5852747,50,2,01:38.6,199.117,1
1074,68,4,4,1,1,2,2,2,8,56,3.121,5855868,49,1,01:37.6,201.09,1
1076,68,18,11,12,4,4,4,4,5,56,72.056,5924803,51,5,01:39.2,197.806,1
1095,69,4,4,1,5,1,1,1,10,53,23:52.4,5032413,14,1,01:32.7,225.572,1
1098,69,18,11,12,7,4,4,4,5,53,34.101,5066514,35,5,01:33.5,223.702,1
1099,69,8,1,3,11,5,5,5,4,53,43.596,5076009,24,4,01:33.3,223.958,1
1118,70,4,4,1,4,2,2,2,8,71,18.658,5532409,70,3,01:13.0,212.612,1
1119,70,18,11,12,14,3,3,3,6,71,19.394,5533145,71,4,01:13.1,212.344,1
1120,70,30,6,5,10,4,4,4,5,71,24.094,5537845,70,1,01:12.2,214.966,1
1121,70,8,1,3,2,5,5,5,4,71,28.503,5542254,58,6,01:13.3,211.683,1
1141,71,4,4,5,13,3,3,3,6,57,6.712,5064048,24,1,01:25.7,222.807,1
1146,71,8,1,9,10,8,8,8,1,57,39.633,5096969,55,4,01:26.3,221.329,1
1159,72,4,4,5,1,1,1,1,10,56,31:33.7,5493736,18,4,01:35.9,208.081,1
1165,72,30,6,1,13,7,7,7,2,56,+1:19.988,5573724,41,12,01:37.0,205.757,1
1167,72,8,1,9,6,9,9,9,0,56,+1:21.580,5575316,23,1,01:35.5,208.987,1
1179,73,4,4,5,1,1,1,1,10,57,29:18.5,5358531,39,2,01:31.7,212.436,1
1181,73,8,1,9,9,3,3,3,6,57,32.063,5390594,41,3,01:31.8,212.184,1
1199,74,4,4,5,2,1,1,1,10,62,27:41.9,5261921,22,4,01:23.1,213.619,1
1200,74,30,6,1,13,2,2,2,8,62,0.215,5262136,48,1,01:21.9,216.946,1
1202,74,35,15,11,11,4,4,4,5,62,+1:04.442,5326363,45,10,01:24.0,211.371,1
1219,75,8,1,9,1,1,1,1,10,66,27:16.8,5236830,41,4,01:16.0,219.24,1
1220,75,4,4,5,3,2,2,2,8,66,27.652,5264482,59,5,01:16.1,218.891,1
1237,76,8,1,9,1,1,1,1,10,78,45:15.6,6315556,41,2,01:15.9,158.375,1
1240,76,4,4,5,2,4,4,4,5,78,36.487,6352043,19,3,01:16.6,156.971,1
1243,76,30,6,1,8,7,7,7,2,78,37.223,6352779,40,1,01:15.8,158.54,1
1255,77,4,4,5,6,1,1,1,10,59,31:46.6,5506648,44,1,01:30.7,204.305,1
1259,77,30,6,1,10,5,5,5,4,59,50.445,5557093,19,6,01:31.5,202.537,1
1264,77,18,16,3,13,10,10,10,0,59,+1:35.786,5602434,20,12,01:32.0,201.542,1
1275,78,8,1,9,7,1,1,1,10,70,32:09.3,5529290,23,1,01:14.4,211.061,1
1276,78,30,6,1,2,2,2,2,8,70,1.1,5530390,32,4,01:14.9,209.697,1
1295,79,30,6,1,5,1,1,1,10,73,29:43.2,5383181,48,1,01:11.5,211.074,1
1315,80,4,4,5,1,1,1,1,10,70,31:22.2,5482232,5,2,01:16.5,207.571,1
1316,80,8,1,9,13,2,2,2,8,70,11.8,5494032,25,1,01:16.4,207.785,1
1317,80,30,6,1,3,3,3,3,6,70,+1:21.9,5564132,22,7,01:17.7,204.333,1
1336,81,4,4,5,1,2,2,2,8,60,2.7,5072288,40,4,01:21.2,227.847,1
1337,81,8,1,9,12,3,3,3,6,60,14.4,5083988,60,1,01:20.5,229.902,1
1339,81,18,16,3,2,5,5,5,4,60,40.3,5109888,42,7,01:22.0,225.721,1
1340,81,30,6,1,9,6,6,6,3,60,+1:15.3,5144888,23,5,01:21.7,226.6,1
1355,82,4,4,5,3,1,1,1,10,67,26:28.6,5188599,21,2,01:15.2,218.866,1
1357,82,18,16,3,2,3,3,3,6,67,24.422,5213021,19,3,01:15.8,217.111,1
1359,82,30,6,1,5,5,5,5,4,67,51.69,5240289,18,7,01:16.1,216.381,1
1375,83,8,1,9,4,1,1,1,10,70,37:25.6,5845552,40,1,01:21.2,194.186,1
1376,83,30,6,1,1,2,2,2,8,70,35.581,5881133,13,3,01:21.5,193.573,1
1379,83,18,16,3,8,5,5,5,4,70,58.832,5904384,70,8,01:22.4,191.388,1
1395,84,8,1,9,1,1,1,1,10,58,24:34.5,5074454,40,2,01:25.0,226,1
1396,84,4,4,5,3,2,2,2,8,58,18.609,5093063,58,3,01:25.5,224.694,1
1399,84,18,16,3,13,5,5,5,4,58,39.304,5113758,58,5,01:25.8,223.998,1
1416,85,4,4,5,2,2,2,2,8,53,2.479,4471138,16,3,01:22.1,253.874,1
1418,85,8,1,9,11,4,4,4,5,53,22.775,4491434,51,1,01:21.5,255.874,1
1422,85,18,16,3,3,8,8,8,1,53,+1:03.635,4532294,16,9,01:23.2,250.776,1
1424,85,30,6,1,6,10,10,10,0,53,+1:36.070,4564729,5,13,01:23.6,249.507,1
1435,86,8,1,9,2,1,1,1,10,44,30:01.3,5401295,34,6,01:53.8,220.662,1
1436,86,4,4,5,4,2,2,2,8,44,28.3,5429595,31,10,01:56.1,216.252,1
1437,86,18,16,3,8,3,3,3,6,44,32,5433295,44,5,01:53.3,221.61,1
1440,86,35,15,11,14,6,6,6,3,44,+1:27.4,5488695,44,7,01:54.3,219.81,1
1456,87,8,1,9,5,2,2,2,8,71,2.527,5363101,29,1,01:12.3,214.651,1
1457,87,4,4,5,1,3,3,3,6,71,24.84,5385414,21,3,01:12.7,213.513,1
1458,87,30,6,1,7,4,4,4,5,71,35.668,5396242,25,4,01:12.8,213.082,1
1475,88,8,1,9,17,1,1,1,10,53,29:02.2,5342212,44,1,01:31.5,228.372,1
1477,88,4,4,5,16,3,3,3,6,53,17.456,5359668,21,2,01:31.6,228.225,1
1479,88,18,16,3,2,5,5,5,4,53,29.507,5371719,19,4,01:32.8,225.383,1
1481,88,30,6,1,14,7,7,7,2,53,33.879,5376091,25,5,01:32.8,225.361,1
1486,88,35,15,11,8,12,12,12,0,53,+1:23.221,5425433,50,11,01:33.3,224.093,1
1495,89,4,4,5,1,1,1,1,10,56,39:53.6,5993618,45,2,01:33.5,209.797,1
1496,89,8,1,9,3,2,2,2,8,56,4,5997618,56,1,01:33.2,210.458,1
1502,89,18,16,3,4,8,8,8,1,56,41.2,6034818,53,12,01:34.8,207.074,1
1504,89,35,15,11,16,10,10,10,0,56,59.9,6053518,53,11,01:34.7,207.19,1
1515,90,30,6,1,1,1,1,1,10,58,24:15.8,5055757,29,1,01:24.1,226.933,1
1517,90,4,4,8,5,3,3,3,6,58,34.673,5090430,10,3,01:25.1,224.365,1
1520,90,18,16,9,4,6,6,6,3,58,+1:10.598,5126355,24,7,01:26.0,222.032,1
1535,91,30,6,1,1,1,1,1,10,56,31:07.5,5467490,6,2,01:34.8,210.451,1
1537,91,18,16,9,6,3,3,3,6,56,11.568,5479058,28,3,01:35.0,210.123,1
1541,91,4,4,8,19,7,7,7,2,56,+1:07.877,5535367,7,10,01:35.9,208.105,1
1555,92,30,6,1,1,1,1,1,10,57,28:34.9,5314875,7,1,01:30.3,216.074,1
1557,92,18,16,9,6,3,3,3,6,57,26.687,5341562,24,5,01:31.0,214.393,1
1560,92,4,4,8,16,6,6,6,3,57,53.156,5368031,39,2,01:30.7,215.116,1
1575,93,30,6,1,2,1,1,1,10,62,26:19.7,5179670,10,1,01:20.4,220.85,1
1576,93,18,16,9,1,2,2,2,8,62,9.702,5189372,28,2,01:21.2,218.701,1
1578,93,4,4,8,6,4,4,4,5,62,23.654,5203324,59,3,01:21.6,217.499,1
1595,94,30,6,1,1,1,1,1,10,66,27:32.8,5252841,12,1,01:17.5,215.07,1
1598,94,4,4,8,8,4,4,4,5,66,32.952,5285793,27,3,01:17.6,214.776,1
1616,95,18,16,9,2,2,2,2,8,77,0.497,6347098,40,3,01:15.2,159.851,1
1635,96,30,6,1,1,1,1,1,10,60,32:35.1,5555101,7,1,01:29.5,207.144,1
1637,96,18,16,9,5,3,3,3,6,60,22.533,5577634,13,4,01:30.5,204.879,1
1639,96,4,4,8,6,5,5,5,4,60,+1:00.987,5616088,29,5,01:31.1,203.511,1
1655,97,30,6,1,6,1,1,1,10,70,28:24.8,5304803,18,2,01:13.6,213.222,1
1657,97,18,16,9,2,3,3,3,6,70,20.409,5325212,68,5,01:14.2,211.453,1
1675,98,30,6,1,2,1,1,1,10,73,40:29.9,6029914,8,2,01:10.4,214.327,1
1695,99,30,6,1,2,1,1,1,10,70,30:18.1,5418133,32,1,01:15.4,210.669,1
1696,99,4,4,8,1,2,2,2,8,70,8.329,5426462,34,2,01:15.6,210.183,1
1699,99,18,16,9,4,5,5,5,4,70,32.482,5450615,50,5,01:16.0,209.021,1
1701,99,8,1,6,9,7,7,7,2,70,36.23,5454363,30,3,01:15.8,209.518,1
1715,100,30,6,1,4,1,1,1,10,60,24:42.7,5082700,14,1,01:18.7,235.049,1
1716,100,8,1,6,1,2,2,2,8,60,2.13,5084830,10,4,01:19.6,232.641,1
1718,100,18,16,9,3,4,4,4,5,60,10.683,5093383,10,3,01:19.5,232.835,1
1724,100,4,4,8,16,10,10,10,0,60,24.835,5107535,39,8,01:20.4,230.073,1
1735,101,30,6,1,1,1,1,1,10,66,23:54.8,5034848,5,2,01:13.8,223.173,1
1736,101,18,16,9,13,2,2,2,8,66,8.388,5043236,11,3,01:14.1,222.167,1
1737,101,4,4,8,5,3,3,3,6,66,16.351,5051199,8,5,01:14.3,221.724,1
1755,102,30,6,1,1,1,1,1,10,70,35:26.1,5726131,29,1,01:19.1,199.461,1
1757,102,4,4,8,5,3,3,3,6,70,44.599,5770730,49,3,01:20.3,196.469,1
1759,102,18,16,9,4,5,5,5,4,70,+1:07.439,5793570,47,4,01:20.4,196.103,1
1775,103,8,1,6,10,1,1,1,10,44,32:35.3,5555274,42,1,01:45.1,238.931,1
1776,103,30,6,1,2,2,2,2,8,44,3.132,5558406,28,2,01:45.5,238.036,1
1796,104,30,6,1,3,2,2,2,8,53,1.347,4519795,35,2,01:21.4,256.324,1
1797,104,18,16,9,6,3,3,3,6,53,10.197,4528645,13,6,01:22.7,252.262,1
1816,105,18,16,9,3,2,2,2,8,56,1.035,5353455,33,4,01:32.9,211.154,1
1817,105,8,1,6,2,3,3,3,6,56,1.469,5353889,53,3,01:32.9,211.288,1
1818,105,4,4,8,6,4,4,4,5,56,32.51,5384930,55,10,01:33.6,209.597,1
1835,106,30,6,1,1,1,1,1,10,53,24:27.0,5066985,41,2,01:32.8,225.281,1
1837,106,18,16,9,5,3,3,3,6,53,19.662,5086647,33,7,01:33.8,222.824,1
1839,106,4,4,8,11,5,5,5,4,53,37.767,5104752,29,12,01:34.3,221.737,1
1840,106,8,1,6,12,6,6,6,3,53,39.362,5106347,35,10,01:33.9,222.585,1
1856,107,8,1,6,3,2,2,2,8,71,1.022,5282473,52,2,01:11.6,216.768,1
1858,107,4,4,8,8,4,4,4,5,71,48.508,5329959,42,9,01:12.1,215.097,1
1861,107,30,6,1,18,7,7,7,2,71,50.626,5332077,49,4,01:11.8,216.161,1
7554,1,18,23,22,1,1,1,1,10,58,34:15.8,5655784,17,3,01:28.0,216.891,1
7558,1,4,4,7,10,5,5,5,4,58,4.879,5660663,53,9,01:28.7,215.199,1
7559,1,3,3,16,5,6,6,6,3,58,5.722,5661506,48,1,01:27.7,217.668,1
7574,2,18,23,22,1,1,1,1,5,31,10:52.1,4252092,18,1,01:36.6,206.483,1
7580,2,1,1,1,12,7,7,7,1,31,+1:00.733,4312825,17,11,01:39.1,201.276,1
7581,2,3,3,16,4,8,8,8,1,31,+1:11.576,4323668,13,4,01:37.6,204.459,1
7594,3,20,9,15,1,1,1,1,10,56,57:43.5,7063485,42,2,01:52.6,174.235,1
7596,3,18,23,22,5,3,3,3,6,56,44.975,7108460,44,6,01:53.5,172.825,1
7599,3,1,1,1,9,6,6,6,3,56,+1:11.866,7135351,39,12,01:54.7,171.138,1
7602,3,4,4,7,2,9,9,9,0,56,+1:24.309,7147794,38,9,01:54.5,171.413,1
7603,3,8,6,4,8,10,10,10,0,56,+1:31.750,7155235,38,15,01:55.4,170.054,1
7614,4,18,23,22,4,1,1,1,10,57,31:48.2,5508182,11,3,01:34.6,205.979,1
7615,4,20,9,15,3,2,2,2,8,57,7.187,5515369,16,4,01:34.8,205.614,1
7617,4,1,1,1,5,4,4,4,5,57,22.096,5530278,13,6,01:34.9,205.269,1
7619,4,8,6,4,10,6,6,6,3,57,42.057,5550239,42,11,01:35.5,204.016,1
7621,4,4,4,7,7,8,8,8,1,57,52.775,5560957,29,14,01:35.7,203.539,1
7622,4,3,3,16,9,9,9,9,0,57,58.198,5566380,37,15,01:35.8,203.339,1
7623,4,12,4,8,15,10,10,10,0,57,+1:05.149,5573331,37,10,01:35.4,204.138,1
7634,5,18,23,22,1,1,1,1,10,66,37:19.2,5839202,17,2,01:22.9,202.149,1
7637,5,20,9,15,2,4,4,4,5,66,18.941,5858143,41,4,01:23.1,201.684,1
7638,5,4,4,7,8,5,5,5,4,66,43.166,5882368,14,6,01:23.4,200.887,1
7641,5,3,3,16,9,8,8,8,1,66,+1:05.211,5904413,24,7,01:23.6,200.404,1
7654,6,18,23,22,1,1,1,1,10,78,40:44.3,6044282,49,2,01:15.2,159.914,1
7656,6,8,6,4,2,3,3,3,6,78,13.442,6057724,47,5,01:15.4,159.507,1
7659,6,3,3,16,6,6,6,6,3,78,33.586,6077868,48,9,01:15.8,158.686,1
7660,6,4,4,7,9,7,7,7,2,78,37.839,6082121,64,4,01:15.4,159.53,1
7674,7,18,23,22,2,1,1,1,10,58,26:24.8,5184848,40,1,01:27.6,219.422,1
7676,7,20,9,15,1,3,3,3,6,58,7.461,5192309,51,2,01:27.6,219.314,1
7678,7,3,3,16,9,5,5,5,4,58,31.539,5216387,36,11,01:28.2,217.823,1
7682,7,8,6,4,6,9,9,9,0,58,50.246,5235094,58,8,01:28.1,218.221,1
7683,7,4,4,7,8,10,10,10,0,58,+1:02.420,5247268,57,13,01:28.4,217.411,1
7686,7,1,1,1,16,13,13,13,0,58,+1:20.454,5265302,53,15,01:28.6,216.986,1
7694,8,20,9,15,1,1,1,1,10,60,22:49.3,4969328,16,1,01:20.7,229.238,1
7698,8,3,3,16,7,5,5,5,4,60,45.915,5015243,17,3,01:21.1,228.336,1
7699,8,18,23,22,6,6,6,6,3,60,46.285,5015613,54,4,01:21.2,227.956,1
7701,8,8,6,4,9,8,8,8,1,60,+1:09.622,5038950,14,7,01:21.7,226.653,1
7715,9,20,9,15,4,2,2,2,8,60,9.252,5812562,42,4,01:34.1,196.97,1
7717,9,3,3,16,15,4,4,4,5,60,21.099,5824409,50,7,01:34.4,196.315,1
7718,9,18,23,22,3,5,5,5,4,60,23.609,5826919,53,6,01:34.3,196.63,1
7720,9,4,4,7,12,7,7,7,2,60,24.888,5828198,49,1,01:33.4,198.498,1
7726,9,12,4,8,10,13,13,13,0,60,+1:08.328,5871638,46,12,01:34.9,195.337,1
7734,10,1,1,1,4,1,1,1,10,70,38:23.9,5903876,16,4,01:22.5,191.219,1
7735,10,8,6,4,7,2,2,2,8,70,11.529,5915405,70,2,01:22.4,191.323,1
7737,10,3,3,16,5,4,4,4,5,70,26.967,5930843,65,3,01:22.5,191.245,1
7740,10,18,23,22,8,7,7,7,2,70,55.088,5958964,57,6,01:22.7,190.694,1
7745,10,12,4,8,14,12,12,12,0,70,+1:11.512,5975388,65,15,01:23.4,189.067,1
7755,11,1,1,1,1,2,2,2,8,57,2.358,5753647,57,4,01:39.1,196.943,1
7756,11,8,6,4,6,3,3,3,6,57,15.994,5767283,39,5,01:39.2,196.643,1
7758,11,3,3,16,7,5,5,5,4,57,20.87,5772159,52,6,01:39.3,196.401,1
7759,11,4,4,7,8,6,6,6,3,57,27.744,5779033,46,10,01:39.5,196.076,1
7760,11,18,23,22,5,7,7,7,2,57,34.913,5786202,46,2,01:38.9,197.305,1
7774,12,8,6,4,6,1,1,1,10,44,23:51.0,5030995,42,4,01:47.7,234.173,1
7776,12,20,9,15,8,3,3,3,6,44,3.875,5034870,38,1,01:47.3,235.07,1
7781,12,3,3,16,10,8,8,8,1,44,36.208,5067203,41,8,01:47.8,233.973,1
7795,13,18,23,22,6,2,2,2,8,53,2.866,4584572,46,4,01:24.9,245.538,1
7796,13,8,6,4,3,3,3,3,6,53,30.664,4612370,36,2,01:24.8,246.042,1
7798,13,4,4,7,8,5,5,5,4,53,59.182,4640888,50,8,01:25.2,244.777,1
7801,13,20,9,15,9,8,8,8,1,53,+1:25.407,4667113,50,7,01:25.2,244.791,1
7814,14,1,1,1,1,1,1,1,10,61,56:06.3,6966337,36,2,01:48.3,168.561,1
7816,14,4,4,7,5,3,3,3,6,61,16.624,6982961,53,1,01:48.2,168.725,1
7817,14,20,9,15,2,4,4,4,5,61,20.621,6986958,10,7,01:48.4,168.479,1
7818,14,18,23,22,11,5,5,5,4,61,30.015,6996352,54,4,01:48.4,168.524,1
7823,14,8,6,4,12,10,10,10,0,61,58.892,7025229,54,5,01:48.4,168.49,1
7824,14,3,3,16,3,11,11,11,0,61,59.777,7026114,9,3,01:48.4,168.55,1
7834,15,20,9,15,1,1,1,1,10,53,28:20.4,5300443,43,2,01:32.6,225.826,1
7836,15,1,1,1,3,3,3,3,6,53,6.472,5306915,13,6,01:33.3,224.162,1
7837,15,8,6,4,5,4,4,4,5,53,7.94,5308383,33,3,01:33.0,224.789,1
7838,15,3,3,16,7,5,5,5,4,53,8.793,5309236,43,9,01:33.6,223.358,1
7841,15,18,23,22,10,8,8,8,1,53,11.474,5311917,42,5,01:33.3,224.182,1
7843,15,4,4,7,16,10,10,10,0,53,13.065,5313508,28,14,01:33.9,222.523,1
7856,16,1,1,1,17,3,3,3,6,71,18.944,5562025,59,6,01:14.3,208.654,1
7857,16,20,9,15,15,4,4,4,5,71,19.652,5562733,59,2,01:13.9,209.939,1
7858,16,18,23,22,14,5,5,5,4,71,29.005,5572086,46,7,01:14.4,208.631,1
7859,16,8,6,4,5,6,6,6,3,71,33.34,5576421,47,9,01:14.6,208.058,1
16067,17,20,9,15,2,1,1,1,10,55,34:03.4,5643414,54,1,01:40.3,199.387,1
16069,17,18,23,22,5,3,3,3,6,55,18.467,5661881,49,6,01:40.6,198.668,1
16075,17,3,3,16,9,9,9,9,0,55,45.941,5689355,49,15,01:41.0,197.97,1
16078,17,8,6,4,11,12,12,12,0,55,54.317,5697731,54,12,01:40.8,198.272,1
16080,17,4,4,7,15,14,14,14,0,55,+1:09.687,5713101,54,10,01:40.8,198.441,1
20323,337,4,6,8,3,1,1,1,25,49,39:20.4,5960396,45,1,01:58.3,191.706,1
20325,337,1,1,2,4,3,3,3,15,49,23.182,5983578,42,4,01:59.6,189.665,1
20326,337,20,9,5,1,4,4,4,12,49,38.799,5999195,32,12,02:00.2,188.627,1
20327,337,3,131,4,5,5,5,5,10,49,40.213,6000609,45,13,02:00.2,188.599,1
20328,337,30,131,3,7,6,6,6,8,49,44.163,6004559,45,11,02:00.2,188.649,1
20329,337,18,1,1,8,7,7,7,6,49,45.28,6005676,45,9,02:00.0,189.017,1
20347,338,18,1,1,4,1,1,1,25,58,33:36.5,5616531,52,6,01:29.3,213.804,1
20350,338,4,6,8,3,4,4,4,12,58,16.304,5632835,47,10,01:29.7,212.812,1
20351,338,3,131,4,6,5,5,5,10,58,16.683,5633214,53,2,01:28.5,215.742,1
20352,338,1,1,2,11,6,6,6,8,58,29.898,5646429,47,3,01:28.5,215.7,1
20356,338,30,131,3,7,10,10,10,1,58,+1:09.391,5685922,58,4,01:29.2,214.058,1
20371,339,20,9,5,3,1,1,1,25,56,33:48.4,5628412,53,6,01:37.8,204.009,1
20373,339,3,131,4,2,3,3,3,15,56,13.504,5641916,53,8,01:38.1,203.352,1
20376,339,1,1,2,20,6,6,6,8,56,23.471,5651883,32,4,01:37.7,204.151,1
20378,339,18,1,1,17,8,8,8,4,56,37.918,5666330,49,10,01:38.5,202.584,1
20395,340,18,1,1,5,1,1,1,25,56,46:42.2,6402163,14,4,01:42.9,190.731,1
20396,340,1,1,2,6,2,2,2,18,56,1.53,6403693,13,1,01:42.1,192.273,1
20397,340,3,131,4,4,3,3,3,15,56,9.484,6411647,14,5,01:43.2,190.068,1
20398,340,4,6,8,3,4,4,4,12,56,11.869,6414032,14,9,01:44.1,188.445,1
20400,340,20,9,5,1,6,6,6,8,56,33.31,6435473,14,2,01:42.4,191.715,1
20404,340,30,131,3,9,10,10,10,1,56,+1:01.749,6463912,14,10,01:44.3,188.149,1
20420,341,4,6,8,4,2,2,2,18,66,24.065,5768166,57,3,01:24.8,197.51,1
20421,341,20,9,5,2,3,3,3,15,66,51.338,5795439,56,5,01:25.2,196.745,1
20422,341,30,131,3,6,4,4,4,12,66,+1:02.195,5806296,64,10,01:25.5,195.933,1
20423,341,18,1,1,5,5,5,5,10,66,+1:03.728,5807829,64,4,01:25.2,196.768,1
20444,342,20,9,5,3,2,2,2,18,78,0.448,6613803,71,1,01:15.2,159.91,1
20447,342,1,1,2,5,5,5,5,10,78,4.363,6617718,68,10,01:16.2,157.755,1
20448,342,4,6,8,24,6,6,6,8,78,6.341,6619696,73,6,01:15.9,158.408,1
20449,342,3,131,4,6,7,7,7,6,78,6.651,6620006,65,7,01:16.0,158.295,1
20454,342,30,131,3,7,12,12,12,0,78,5.712,6619067,71,5,01:15.6,159.089,1
20467,343,1,1,2,2,1,1,1,25,58,28:47.6,5327620,54,12,01:30.1,213.342,1
20468,343,18,1,1,4,2,2,2,18,58,2.645,5330265,42,7,01:29.9,213.769,1
20470,343,30,131,3,5,4,4,4,12,58,31.11,5358730,53,6,01:29.8,213.971,1
20471,343,3,131,4,6,5,5,5,10,58,32.266,5359886,52,9,01:30.0,213.574,1
20474,343,4,6,8,12,8,8,8,4,58,46.544,5374164,56,11,01:30.0,213.493,1
20491,344,1,1,2,1,1,1,1,25,70,33:53.5,5633456,62,2,01:17.8,201.778,1
20492,344,18,1,1,4,2,2,2,18,70,2.254,5635710,66,4,01:18.1,200.906,1
20493,344,4,6,8,3,3,3,3,15,70,9.214,5642670,44,6,01:18.2,200.744,1
20494,344,20,9,5,2,4,4,4,12,70,37.817,5671273,62,8,01:18.4,200.206,1
20496,344,3,131,4,10,6,6,6,8,70,56.084,5689540,68,3,01:17.8,201.711,1
20515,345,20,9,5,1,1,1,1,25,57,40:29.6,6029571,52,3,01:39.1,196.774,1
20516,345,1,1,2,3,2,2,2,18,57,5.042,6034613,56,4,01:39.2,196.744,1
20517,345,18,1,1,7,3,3,3,15,57,12.658,6042229,54,1,01:38.8,197.521,1
20522,345,4,6,8,4,8,8,8,4,57,32.809,6062380,50,10,01:39.9,195.3,1
20524,345,3,131,4,12,10,10,10,1,57,44.382,6073953,57,9,01:39.9,195.322,1
20529,345,30,131,3,15,15,15,15,0,57,48.826,6078397,53,2,01:39.0,197.118,1
20540,346,1,1,2,4,2,2,2,18,52,1.36,5079560,43,6,01:32.8,228.633,1
20541,346,3,131,4,5,3,3,3,15,52,21.307,5099507,50,7,01:33.0,228.156,1
20542,346,18,1,1,14,4,4,4,12,52,21.986,5100186,52,9,01:33.0,228.031,1
20545,346,20,9,5,1,7,7,7,6,52,36.734,5114934,52,3,01:32.0,230.6,1
20547,346,30,131,3,10,9,9,9,2,52,41.599,5119799,47,15,01:34.2,225.203,1
20552,346,4,6,8,3,14,14,14,0,52,+1:02.385,5140585,52,1,01:30.9,233.373,1
20563,347,4,6,8,2,1,1,1,25,67,27:38.9,5258864,66,2,01:15.9,217.005,1
20565,347,20,9,5,1,3,3,3,15,67,5.121,5263985,67,1,01:15.8,217.166,1
20566,347,1,1,2,6,4,4,4,12,67,26.896,5285760,65,5,01:16.5,215.238,1
20567,347,18,1,1,5,5,5,5,10,67,29.482,5288346,65,4,01:16.5,215.385,1
20588,348,4,6,8,3,2,2,2,18,70,17.821,6083392,67,4,01:23.2,189.573,1
20589,348,20,9,5,1,3,3,3,15,70,19.252,6084823,70,1,01:22.4,191.491,1
20611,349,1,1,2,2,1,1,1,25,44,29:04.3,5344268,32,1,01:49.1,231.178,1
20616,349,3,131,4,14,6,6,6,8,44,12.359,5356627,31,10,01:51.7,225.757,1
20617,349,30,131,3,21,7,7,7,6,44,15.548,5359816,32,13,01:51.9,225.301,1
20635,350,4,6,8,1,1,1,1,25,53,16:24.6,4584572,52,1,01:24.1,247.861,1
20636,350,18,1,1,2,2,2,2,18,53,2.938,4587510,46,8,01:24.6,246.516,1
20638,350,20,9,5,6,4,4,4,12,53,28.196,4612768,50,4,01:24.5,246.822,1
20639,350,3,131,4,7,5,5,5,10,53,29.942,4614514,52,3,01:24.5,246.828,1
20643,350,30,131,3,12,9,9,9,2,53,44.948,4629520,49,11,01:24.9,245.503,1
20659,351,4,6,8,1,1,1,1,25,61,57:53.6,7073579,58,1,01:48.0,169.137,1
20660,351,20,9,5,2,2,2,2,18,61,0.293,7073872,59,2,01:48.1,168.879,1
20662,351,18,1,1,4,4,4,4,12,61,30.384,7103963,61,7,01:49.7,166.462,1
20663,351,3,131,4,7,5,5,5,10,61,49.394,7122973,55,8,01:50.1,165.837,1
20683,352,20,9,5,1,1,1,1,25,53,30:27.3,5427323,51,3,01:33.7,223.219,1
20685,352,4,6,8,4,3,3,3,15,53,2.721,5430044,53,4,01:33.8,222.815,1
20686,352,18,1,1,5,4,4,4,12,53,13.522,5440845,53,2,01:33.5,223.515,1
20687,352,1,1,2,8,5,5,5,10,53,39.595,5466918,35,9,01:35.2,219.633,1
20688,352,30,131,3,10,6,6,6,8,53,59.933,5487256,52,7,01:34.9,220.395,1
20707,353,4,6,8,3,1,1,1,25,55,48:20.8,10100810,42,1,01:50.3,183.335,1
20708,353,1,1,2,4,2,2,2,18,55,14.999,10115809,42,3,01:50.4,183.048,1
20710,353,30,131,3,9,4,4,4,12,55,39.688,10140498,43,8,01:51.8,180.748,1
20718,353,18,1,1,7,12,12,12,0,55,+1:29.939,10190749,42,11,01:52.2,180.171,1
20731,354,20,9,5,2,1,1,1,25,71,33:11.8,5591803,70,6,01:14.3,208.828,1
20733,354,4,6,8,5,3,3,3,15,71,6.807,5598610,67,2,01:13.9,210.038,1
20734,354,1,1,2,4,4,4,4,12,71,14.634,5606437,66,1,01:13.9,210.049,1
20735,354,18,1,1,11,5,5,5,10,71,15.593,5607396,71,3,01:13.9,209.819,1
20736,354,3,131,4,13,6,6,6,8,71,35.32,5627123,65,5,01:14.2,209.107,1
20737,354,30,131,3,8,7,7,7,6,71,43.456,5635259,71,12,01:15.2,206.229,1
20755,355,20,9,5,1,1,1,1,25,55,39:36.8,5976837,50,4,01:41.7,196.526,1
20756,355,1,1,2,2,2,2,2,18,55,10.162,5986999,47,1,01:41.3,197.428,1
20757,355,18,1,1,4,3,3,3,15,55,11.047,5987884,48,2,01:41.6,196.725,1
20758,355,3,131,4,9,4,4,4,12,55,30.747,6007584,52,3,01:41.7,196.58,1
20761,355,4,6,8,3,7,7,7,6,55,43.797,6020634,52,7,01:42.2,195.588,1
20779,841,20,9,1,1,1,1,1,25,58,29:30.3,5370259,44,4,01:29.8,212.488,1
20780,841,1,1,3,2,2,2,2,18,58,22.297,5392556,41,8,01:30.3,211.382,1
20782,841,4,6,5,5,4,4,4,12,58,31.772,5402031,49,2,01:29.5,213.336,1
20784,841,18,1,4,4,6,6,6,8,58,54.304,5424563,49,5,01:29.9,212.396,1
20801,842,20,9,1,1,1,1,1,25,56,37:39.8,5859832,33,6,01:41.5,196.523,1
20802,842,18,1,4,4,2,2,2,18,56,3.261,5863093,50,4,01:41.3,197.057,1
20806,842,4,6,5,5,6,6,6,8,56,37.248,5897080,49,2,01:40.7,198.127,1
20808,842,1,1,3,2,8,8,8,4,56,+1:09.957,5929789,54,5,01:41.5,196.575,1
20809,842,30,131,7,11,9,9,9,2,56,+1:24.896,5944728,45,11,01:42.5,194.698,1
20849,844,20,9,1,1,1,1,1,25,58,30:17.6,5417558,50,3,01:29.9,213.669,1
20851,844,4,6,5,5,3,3,3,15,58,10.075,5427633,48,6,01:30.3,212.86,1
20852,844,1,1,3,4,4,4,4,12,58,40.232,5457790,48,4,01:30.1,213.264,1
20853,844,3,131,8,3,5,5,5,10,58,47.539,5465097,47,7,01:30.6,212.169,1
20854,844,18,1,4,6,6,6,6,8,58,59.431,5476989,47,13,01:31.2,210.786,1
20860,844,30,131,7,8,12,12,12,0,58,+1:25.444,5503002,47,12,01:31.2,210.819,1
20873,845,20,9,1,2,1,1,1,25,66,39:03.3,5943301,60,4,01:27.2,192.262,1
20874,845,1,1,3,3,2,2,2,18,66,0.63,5943931,52,1,01:26.7,193.227,1
20875,845,18,1,4,5,3,3,3,15,66,35.697,5978998,63,7,01:27.5,191.48,1
20897,846,20,9,1,1,1,1,1,25,78,09:38.4,7778373,78,2,01:16.3,157.656,1
20898,846,4,6,5,4,2,2,2,18,78,1.138,7779511,77,4,01:16.5,157.236,1
20899,846,18,1,4,2,3,3,3,15,78,2.378,7780751,78,3,01:16.5,157.252,1
20902,846,1,1,3,9,6,6,6,8,78,27.21,7805583,54,5,01:17.8,154.456,1
20920,847,18,1,4,7,1,1,1,25,70,04:39.5,14679537,69,1,01:17.0,204.007,1
20921,847,20,9,1,1,2,2,2,18,70,2.709,14682246,69,2,01:17.2,203.317,1
20923,847,30,131,7,8,4,4,4,12,70,14.219,14693756,70,4,01:19.1,198.382,1
20930,847,3,131,8,6,11,11,11,0,70,50.454,14729991,69,9,01:20.1,196.07,1
20944,848,20,9,1,1,1,1,1,25,57,39:36.2,5976169,53,1,01:41.9,191.536,1
20945,848,4,6,5,4,2,2,2,18,57,10.891,5987060,49,2,01:42.3,190.683,1
20947,848,1,1,3,3,4,4,4,12,57,46.19,6022359,47,6,01:42.9,189.499,1
20949,848,18,1,4,6,6,6,6,8,57,+1:00.065,6036234,57,3,01:42.3,190.623,1
20950,848,3,131,8,7,7,7,7,6,57,+1:38.090,6074259,53,12,01:43.6,188.215,1
20968,849,4,6,5,3,1,1,1,25,52,28:41.2,5321196,41,1,01:34.9,223.454,1
20969,849,20,9,1,2,2,2,2,18,52,16.511,5337707,38,3,01:35.6,221.918,1
20971,849,1,1,3,10,4,4,4,12,52,28.986,5350182,39,5,01:36.2,220.499,1
20973,849,3,131,8,9,6,6,6,8,52,+1:00.665,5381861,32,13,01:37.1,218.47,1
20976,849,30,131,7,13,9,9,9,2,52,+1:17.912,5399108,34,11,01:37.0,218.558,1
20992,850,1,1,3,2,1,1,1,25,60,37:30.3,5850334,59,1,01:34.3,196.526,1
20993,850,4,6,5,4,2,2,2,18,60,3.98,5854314,60,5,01:34.6,195.853,1
20995,850,20,9,1,3,4,4,4,12,60,47.921,5898255,47,3,01:34.6,195.933,1
21016,851,18,1,4,3,1,1,1,25,70,46:42.3,6402337,58,6,01:23.9,187.898,1
21017,851,20,9,1,1,2,2,2,18,70,3.588,6405925,70,5,01:23.9,188.036,1
21018,851,4,6,5,5,3,3,3,15,70,19.819,6422156,62,3,01:23.7,188.405,1
21019,851,1,1,3,2,4,4,4,12,70,48.338,6450675,61,2,01:23.7,188.517,1
21040,852,20,9,1,1,1,1,1,25,44,26:44.9,5204893,36,4,01:50.5,228.285,1
21042,852,18,1,4,13,3,3,3,15,44,9.669,5214562,39,2,01:50.1,229.092,1
21043,852,4,6,5,8,4,4,4,12,44,13.022,5217915,41,5,01:51.1,226.937,1
21044,852,30,131,7,24,5,5,5,10,44,47.464,5252357,34,6,01:51.1,226.876,1
21045,852,3,131,8,5,6,6,6,8,44,48.674,5253567,39,8,01:52.3,224.601,1
21064,853,20,9,1,1,1,1,1,25,53,20:46.2,4846172,49,3,01:26.6,240.937,1
21065,853,18,1,4,3,2,2,2,18,53,9.59,4855762,52,2,01:26.2,241.915,1
21066,853,4,6,5,4,3,3,3,15,53,16.909,4863081,50,6,01:27.2,239.185,1
21067,853,1,1,3,2,4,4,4,12,53,17.417,4863589,52,1,01:26.2,241.971,1
21068,853,30,131,7,8,5,5,5,10,53,32.677,4878849,46,7,01:27.4,238.607,1
21088,854,20,9,1,1,1,1,1,25,61,59:04.8,7146757,51,2,01:48.7,168.029,1
21089,854,18,1,4,3,2,2,2,18,61,1.737,7148494,54,1,01:48.5,168.392,1
21091,854,4,6,5,5,4,4,4,12,61,55.449,7202206,58,5,01:50.9,164.691,1
21092,854,1,1,3,4,5,5,5,10,61,+1:07.766,7214523,54,4,01:50.8,164.779,1
21112,855,18,1,4,2,1,1,1,25,53,30:53.4,5453427,52,1,01:36.6,216.481,1
21113,855,4,6,5,5,2,2,2,18,53,1.16,5454587,50,4,01:36.7,216.226,1
21114,855,20,9,1,1,3,3,3,15,53,2.006,5455433,52,6,01:36.9,215.704,1
21116,855,1,1,3,3,5,5,5,10,53,24.268,5477695,49,9,01:37.6,214.093,1
21117,855,30,131,7,8,6,6,6,8,53,27.12,5480547,53,12,01:37.9,213.501,1
21121,855,3,131,8,23,10,10,10,1,53,44.322,5497749,50,3,01:36.6,216.378,1
21136,856,20,9,1,2,1,1,1,25,55,38:02.0,5881994,55,1,01:39.6,202.941,1
21137,856,1,1,3,1,2,2,2,18,55,12.019,5894013,54,3,01:40.5,201.216,1
21139,856,18,1,4,3,4,4,4,12,55,14.694,5896688,55,7,01:40.7,200.716,1
21140,856,4,6,5,6,5,5,5,10,55,15.689,5897683,41,6,01:40.5,201.04,1
21143,856,3,131,8,7,8,8,8,4,55,54.053,5936047,49,9,01:41.8,198.624,1
21160,857,20,9,1,1,1,1,1,25,60,30:35.0,5435002,60,1,01:27.2,211.463,1
21161,857,18,1,4,4,2,2,2,18,60,8.433,5443435,60,4,01:28.0,209.737,1
21162,857,4,6,5,3,3,3,3,15,60,24.301,5459303,58,3,01:28.0,209.771,1
21164,857,30,131,7,11,5,5,5,10,60,+1:05.421,5500423,48,5,01:28.5,208.359,1
21165,857,3,131,8,7,6,6,6,8,60,+1:06.851,5501853,59,6,01:28.6,208.239,1
21166,857,1,1,3,5,7,7,7,6,60,+1:24.183,5519185,58,9,01:28.7,207.955,1
21184,858,1,1,3,2,1,1,1,25,55,37:11.9,5831886,51,3,01:43.5,193.255,1
21185,858,4,6,5,5,2,2,2,18,55,8.457,5840343,41,6,01:43.9,192.412,1
21186,858,18,1,4,3,3,3,3,15,55,25.881,5857767,51,2,01:43.2,193.83,1
21189,858,3,131,8,7,6,6,6,8,55,52.317,5884203,55,7,01:44.0,192.266,1
21190,858,30,131,7,8,7,7,7,6,55,+1:15.964,5907850,48,15,01:44.9,190.575,1
21209,859,20,9,1,1,2,2,2,18,71,16.983,5554447,68,3,01:16.1,203.906,1
21210,859,18,1,4,3,3,3,3,15,71,27.638,5565102,63,2,01:15.6,205.244,1
21211,859,4,6,5,5,4,4,4,12,71,35.048,5572512,65,4,01:16.2,203.625,1
21232,860,18,1,3,2,1,1,1,25,58,34:09.6,5649565,56,1,01:29.2,214.053,1
21233,860,20,9,1,6,2,2,2,18,58,2.139,5651704,57,2,01:29.4,213.503,1
21234,860,1,1,4,1,3,3,3,15,58,4.075,5653640,57,4,01:29.5,213.214,1
21236,860,4,6,5,12,5,5,5,10,58,21.565,5671130,52,7,01:30.3,211.469,1
21238,860,8,208,9,17,7,7,7,6,58,38.014,5687579,50,11,01:30.8,210.346,1
21243,860,3,131,8,7,12,12,12,0,58,57.642,5707207,53,14,01:30.9,209.948,1
21256,861,4,6,5,8,1,1,1,25,56,44:51.8,9891812,53,7,01:41.7,196.25,1
21258,861,1,1,4,1,3,3,3,15,56,14.591,9906403,50,6,01:41.5,196.523,1
21260,861,8,208,9,10,5,5,5,10,56,29.456,9921268,53,1,01:40.7,198.117,1
21265,861,30,131,7,3,10,10,10,1,56,49.996,9941808,53,9,01:41.8,196.096,1
21266,861,20,9,1,5,11,11,11,0,56,+1:15.527,9967339,50,4,01:41.3,196.905,1
21268,861,3,131,8,7,13,13,13,0,56,+1:18.593,9970405,51,11,01:41.9,195.898,1
21269,861,18,1,3,2,14,14,14,0,56,+1:19.719,9971531,50,14,01:42.1,195.443,1
21280,862,3,131,8,1,1,1,1,25,56,36:26.9,5786929,40,8,01:41.0,194.356,1
21281,862,18,1,3,5,2,2,2,18,56,20.626,5807555,56,3,01:40.4,195.411,1
21282,862,1,1,4,7,3,3,3,15,56,26.012,5812941,40,6,01:40.5,195.201,1
21284,862,20,9,1,11,5,5,5,10,56,30.483,5817412,33,7,01:40.6,195.063,1
21288,862,4,6,5,9,9,9,9,2,56,37.256,5824185,41,12,01:41.2,194.001,1
21293,862,8,208,9,4,14,14,14,0,56,50.573,5837502,43,18,01:41.8,192.777,1
21304,863,20,9,1,1,1,1,1,25,57,35:11.0,5710990,41,1,01:36.4,202.151,1
21305,863,8,208,9,11,2,2,2,18,57,3.333,5714323,41,5,01:37.1,200.617,1
21308,863,3,131,8,5,5,5,5,10,57,55.46,5766450,41,10,01:38.1,198.646,1
21310,863,4,6,5,9,7,7,7,6,57,57.803,5768793,44,15,01:38.2,198.397,1
21311,863,1,1,4,2,8,8,8,4,57,58.984,5769974,38,7,01:37.7,199.351,1
21313,863,30,131,7,22,10,10,10,1,57,+1:11.490,5782480,39,13,01:38.1,198.548,1
21329,864,4,6,5,2,2,2,2,18,66,3.195,5952340,46,3,01:27.4,191.761,1
21330,864,8,208,9,4,3,3,3,15,66,3.884,5953029,50,2,01:26.9,192.758,1
21333,864,20,9,1,7,6,6,6,8,66,+1:07.576,6016721,65,4,01:27.8,190.935,1
21334,864,3,131,8,6,7,7,7,6,66,+1:17.919,6027064,45,7,01:28.1,190.107,1
21335,864,1,1,4,24,8,8,8,4,66,+1:18.140,6027285,50,18,01:28.9,188.465,1
21336,864,18,1,3,10,9,9,9,2,66,+1:25.246,6034391,41,14,01:28.6,189.09,1
21353,865,3,131,8,2,2,2,2,18,78,0.643,6367200,46,7,01:19.0,152.246,1
21354,865,4,6,5,5,3,3,3,15,78,0.947,6367504,45,5,01:18.9,152.478,1
21355,865,20,9,1,9,4,4,4,12,78,1.343,6367900,43,9,01:19.1,152.056,1
21356,865,1,1,4,3,5,5,5,10,78,4.101,6370658,46,4,01:18.8,152.577,1
21360,865,8,208,9,8,9,9,9,2,78,44.036,6410593,51,12,01:19.2,151.73,1
21376,866,1,1,4,2,1,1,1,25,70,32:29.6,5549586,59,6,01:17.0,203.837,1
21379,866,20,9,1,1,4,4,4,12,70,7.295,5556881,70,1,01:15.8,207.249,1
21380,866,4,6,5,3,5,5,5,10,70,13.411,5562997,42,15,01:17.8,201.742,1
21381,866,3,131,8,5,6,6,6,8,70,13.842,5563428,67,7,01:17.1,203.732,1
21383,866,8,208,9,12,8,8,8,4,70,15.567,5565153,70,5,01:16.8,204.517,1
21400,867,4,6,5,11,1,1,1,25,57,44:16.6,6256649,40,5,01:43.7,188.185,1
21401,867,8,208,9,5,2,2,2,18,57,6.421,6263070,43,7,01:43.7,188.148,1
21402,867,30,131,7,12,3,3,3,15,57,12.639,6269288,43,3,01:43.1,189.22,1
21405,867,3,131,8,6,6,6,6,8,57,21.176,6277825,54,1,01:42.2,190.953,1
21407,867,18,1,3,9,8,8,8,4,57,24.653,6281302,48,17,01:44.8,186.138,1
21425,868,4,6,5,1,2,2,2,18,52,3.06,5114348,49,7,01:35.4,222.336,1
21426,868,20,9,1,4,3,3,3,15,52,4.836,5116124,52,3,01:34.9,223.48,1
21428,868,8,208,9,6,5,5,5,10,52,10.314,5121602,50,1,01:34.7,224.037,1
21430,868,30,131,7,3,7,7,7,6,52,29.153,5140441,52,6,01:35.2,222.789,1
21431,868,1,1,4,8,8,8,8,4,52,36.463,5147751,44,15,01:36.2,220.515,1
21433,868,18,1,3,16,10,10,10,1,52,44.444,5155732,52,14,01:36.1,220.714,1
21438,868,3,131,8,11,15,15,15,0,52,57.394,5168682,49,11,01:35.7,221.489,1
21448,869,4,6,5,1,1,1,1,25,67,31:05.9,5465862,66,2,01:19.0,208.319,1
21449,869,18,1,3,6,2,2,2,18,67,6.949,5472811,67,8,01:19.5,207.205,1
21450,869,8,208,9,10,3,3,3,15,67,16.409,5482271,62,13,01:19.7,206.555,1
21452,869,20,9,1,2,5,5,5,10,67,23.732,5489594,61,4,01:19.2,208.011,1
21454,869,30,131,7,3,7,7,7,6,67,28.97,5494832,57,1,01:18.7,209.163,1
21457,869,3,131,8,21,10,10,10,1,67,48.889,5514751,59,3,01:19.1,208.158,1
21472,870,1,1,4,1,1,1,1,25,69,41:05.5,6065503,65,4,01:25.7,184.082,1
21473,870,8,208,9,5,2,2,2,18,69,1.032,6066535,41,6,01:25.7,183.972,1
21475,870,20,9,1,3,4,4,4,12,69,11.614,6077117,68,1,01:24.1,187.453,1
21476,870,4,6,5,6,5,5,5,10,69,26.653,6092156,65,7,01:25.7,183.951,1
21477,870,18,1,3,4,6,6,6,8,69,30.243,6095746,58,10,01:25.8,183.751,1
21481,870,3,131,8,13,10,10,10,1,69,51.234,6116737,58,9,01:25.8,183.753,1
21496,871,18,1,3,1,1,1,1,25,44,29:08.5,5348530,40,10,01:54.3,220.611,1
21497,871,20,9,1,10,2,2,2,18,44,13.624,5362154,39,9,01:54.2,220.795,1
21498,871,8,208,9,3,3,3,3,15,44,25.334,5373864,34,5,01:53.6,221.879,1
21502,871,30,131,7,13,7,7,7,6,44,53.374,5401904,37,4,01:53.5,222.139,1
21506,871,3,131,8,23,11,11,11,0,44,65.111,5413641,39,2,01:53.1,222.992,1
21520,872,1,1,4,1,1,1,1,25,53,19:41.2,4781221,52,5,01:28.4,235.841,1
21522,872,4,6,5,10,3,3,3,15,53,20.594,4801815,44,11,01:28.8,234.758,1
21524,872,8,208,9,7,5,5,5,10,53,30.881,4812102,52,17,01:29.1,234.036,1
21525,872,30,131,7,4,6,6,6,8,53,31.259,4812480,51,3,01:27.7,237.748,1
21526,872,3,131,8,6,7,7,7,6,53,33.55,4814771,53,1,01:27.2,239.053,1
21544,873,20,9,1,3,1,1,1,25,59,00:26.1,7226144,50,3,01:52.1,162.865,1
21545,873,18,1,3,4,2,2,2,18,59,"+8.959 sec",7235103,47,4,01:52.6,162.155,1
21546,873,4,6,5,5,3,3,3,15,59,15.227,7241371,53,5,01:52.7,162.034,1
21548,873,3,131,8,10,5,5,5,10,59,34.784,7260928,55,12,01:53.9,160.344,1
21549,873,8,208,9,12,6,6,6,8,59,35.759,7261903,53,11,01:53.8,160.502,1
21568,874,20,9,1,1,1,1,1,25,53,28:56.2,5336242,52,1,01:35.8,218.276,1
21571,874,18,1,3,8,4,4,4,12,53,25.098,5361340,51,2,01:36.6,216.396,1
21572,874,1,1,4,9,5,5,5,10,53,46.49,5382732,45,11,01:37.8,213.842,1
21573,874,8,208,9,7,6,6,6,8,53,50.424,5386666,49,13,01:37.9,213.566,1
21578,874,30,131,7,23,11,11,11,0,53,67.769,5404011,43,6,01:36.9,215.646,1
21592,875,20,9,1,2,1,1,1,25,55,36:28.7,5788651,55,5,01:42.5,197.211,1
21594,875,4,6,5,4,3,3,3,15,55,13.944,5802595,52,3,01:42.4,197.321,1
21596,875,8,208,9,5,5,5,5,10,55,36.739,5825390,51,11,01:42.8,196.592,1
21601,875,1,1,4,3,10,10,10,1,55,79.692,5868343,49,9,01:42.7,196.785,1
21604,875,30,131,7,10,13,13,13,0,55,89.241,5877892,49,13,01:43.2,195.902,1
21616,876,20,9,1,1,1,1,1,25,60,31:10.7,5470744,60,4,01:28.7,207.95,1
21617,876,4,6,5,5,2,2,2,18,60,9.437,5480181,60,3,01:28.6,208.168,1
21619,876,1,1,4,3,4,4,4,12,60,13.909,5484653,58,5,01:28.9,207.433,1
21620,876,18,1,3,4,5,5,5,10,60,26.266,5497010,60,1,01:28.2,209.176,1
21622,876,8,208,9,7,7,7,7,6,60,45.227,5515971,54,12,01:29.4,206.482,1
21626,876,3,131,8,10,11,11,11,0,60,+1:21.694,5552438,59,14,01:29.5,206.163,1
21640,877,8,208,9,4,1,1,1,25,55,45:58.7,6358667,50,3,01:44.5,191.41,1
21641,877,4,6,5,6,2,2,2,18,55,0.852,6359519,53,2,01:44.1,192.087,1
21642,877,20,9,1,24,3,3,3,15,55,4.163,6362830,54,1,01:44.0,192.32,1
21643,877,18,1,3,5,4,4,4,12,55,7.787,6366454,50,4,01:44.5,191.273,1
21650,877,30,131,7,13,11,11,11,0,55,28.075,6386742,51,6,01:45.2,190.015,1
21664,878,1,1,4,2,1,1,1,25,56,35:55.3,5755269,55,5,01:39.7,199.047,1
21665,878,20,9,1,1,2,2,2,18,56,0.675,5755944,56,1,01:39.3,199.772,1
21666,878,4,6,5,7,3,3,3,15,56,39.229,5794498,56,4,01:39.7,199.121,1
21668,878,18,1,3,12,5,5,5,10,56,56.432,5811701,54,6,01:40.2,198.17,1
21669,878,8,208,9,4,6,6,6,8,56,64.425,5819694,56,3,01:39.5,199.517,1
21676,878,3,131,8,17,13,13,13,0,56,85.51,5840779,51,8,01:40.4,197.622,1
21688,879,18,1,3,2,1,1,1,25,71,45:22.7,6322656,37,2,01:18.1,198.601,1
21689,879,4,6,5,7,2,2,2,18,71,2.754,6325410,36,4,01:18.6,197.301,1
21693,879,20,9,1,4,6,6,6,8,71,9.453,6332109,36,9,01:19.1,196.136,1
21694,879,30,131,7,13,7,7,7,6,71,11.907,6334563,37,15,01:20.2,193.522,1
21712,880,8,208,7,7,1,1,1,25,58,30:03.2,5403225,56,1,01:29.3,213.845,1
21713,880,4,6,3,5,2,2,2,18,58,12.451,5415676,53,3,01:29.6,213.162,1
21714,880,20,9,1,1,3,3,3,15,58,22.346,5425571,42,10,01:30.4,211.16,1
21716,880,1,131,10,3,5,5,5,10,58,45.561,5448786,45,5,01:29.8,212.689,1
21720,880,18,1,5,10,9,9,9,2,58,+1:21.630,5484855,41,7,01:30.2,211.654,1
21734,881,20,9,1,1,1,1,1,25,56,38:56.7,5936681,45,3,01:40.4,198.661,1
21736,881,1,131,10,4,3,3,3,15,56,12.181,5948862,32,10,01:41.0,197.57,1
21737,881,3,131,9,6,4,4,4,12,56,12.64,5949321,44,8,01:40.8,198.052,1
21740,881,8,208,7,10,7,7,7,6,56,48.479,5985160,37,13,01:41.8,196.079,1
21756,882,4,6,3,3,1,1,1,25,56,36:26.9,5786945,46,4,01:39.5,197.21,1
21757,882,8,208,7,2,2,2,2,18,56,10.168,5797113,51,5,01:40.0,196.324,1
21758,882,1,131,10,1,3,3,3,15,56,12.322,5799267,50,6,01:40.0,196.273,1
21759,882,20,9,1,9,4,4,4,12,56,12.525,5799470,53,1,01:36.8,202.706,1
21760,882,18,1,5,8,5,5,5,10,56,35.285,5822230,56,2,01:38.1,200.122,1
21778,883,20,9,1,2,1,1,1,25,57,36:00.5,5760498,55,1,01:37.0,200.938,1
21779,883,8,208,7,8,2,2,2,18,57,9.111,5769609,57,8,01:38.2,198.476,1
21782,883,1,131,10,9,5,5,5,10,57,35.23,5795728,48,11,01:38.2,198.395,1
21785,883,4,6,3,3,8,8,8,4,57,37.574,5798072,41,3,01:37.2,200.436,1
21786,883,3,131,9,1,9,9,9,2,57,41.126,5801624,48,4,01:37.6,199.647,1
21787,883,18,1,5,10,10,10,10,1,57,46.631,5807129,49,6,01:37.7,199.33,1
21800,884,4,6,3,5,1,1,1,25,66,39:16.6,5956596,53,5,01:26.7,193.329,1
21801,884,8,208,7,4,2,2,2,18,66,9.338,5965934,47,6,01:26.8,193.16,1
21803,884,20,9,1,3,4,4,4,12,66,38.273,5994869,55,9,01:27.0,192.541,1
21805,884,3,131,9,1,6,6,6,8,66,+1:08.020,6024616,56,11,01:27.6,191.321,1
21807,884,18,1,5,14,8,8,8,4,66,+1:19.506,6036102,55,14,01:28.0,190.524,1
21822,885,3,131,9,1,1,1,1,25,78,17:52.1,8272056,74,6,01:18.3,153.51,1
21823,885,20,9,1,3,2,2,2,18,78,3.888,8275944,77,1,01:16.6,157.018,1
21825,885,1,131,10,2,4,4,4,12,78,13.894,8285950,76,3,01:18.1,153.891,1
21827,885,18,1,5,9,6,6,6,8,78,23.103,8295159,76,8,01:18.7,152.743,1
21828,885,4,6,3,6,7,7,7,6,78,26.734,8298790,77,12,01:19.3,151.55,1
21831,885,8,208,7,5,10,10,10,1,78,36.582,8308638,78,2,01:17.4,155.364,1
21844,886,20,9,1,1,1,1,1,25,70,32:09.1,5529143,55,5,01:16.6,205.06,1
21845,886,4,6,3,6,2,2,2,18,70,14.408,5543551,69,2,01:16.2,206.023,1
21846,886,1,131,10,2,3,3,3,15,70,15.942,5545085,69,3,01:16.4,205.615,1
21848,886,3,131,9,4,5,5,5,10,70,+1:09.725,5598868,70,4,01:16.5,205.132,1
21866,887,3,131,9,2,1,1,1,25,52,32:59.5,5579456,50,2,01:33.5,226.744,1
21868,887,4,6,3,9,3,3,3,15,52,7.124,5586580,50,3,01:34.1,225.396,1
21869,887,1,131,10,1,4,4,4,12,52,7.756,5587212,51,4,01:34.2,225.231,1
21870,887,8,208,7,8,5,5,5,10,52,11.257,5590713,49,8,01:35.4,222.339,1
21878,887,18,1,5,10,13,13,13,0,52,25.969,5605425,39,16,01:36.4,220.096,1
21888,888,20,9,1,2,1,1,1,25,60,41:14.7,6074711,59,5,01:34.2,196.814,1
21889,888,8,208,7,4,2,2,2,18,60,1.008,6075719,57,2,01:33.8,197.647,1
21891,888,4,6,3,8,4,4,4,12,60,7.721,6082432,51,1,01:33.5,198.279,1
21892,888,1,131,10,1,5,5,5,10,60,26.927,6101638,57,4,01:34.2,196.83,1
21893,888,18,1,5,9,6,6,6,8,60,27.996,6102707,49,7,01:34.2,196.736,1
21896,888,3,131,9,11,9,9,9,2,60,46.821,6121532,55,6,01:34.2,196.778,1
21910,890,1,131,10,1,1,1,1,25,70,42:29.4,6149445,69,3,01:24.6,186.322,1
21911,890,8,208,7,6,2,2,2,18,70,10.938,6160383,61,6,01:25.3,184.982,1
21912,890,20,9,1,2,3,3,3,15,70,12.459,6161904,57,2,01:24.6,186.529,1
21914,890,4,6,3,5,5,5,5,10,70,31.411,6180856,56,8,01:25.4,184.692,1
21916,890,18,1,5,13,7,7,7,6,70,53.819,6203264,56,11,01:26.2,182.975,1
21932,891,20,9,1,2,1,1,1,25,44,23:42.2,5022196,40,1,01:50.8,227.657,1
21933,891,4,6,3,9,2,2,2,18,44,16.869,5039065,36,4,01:51.4,226.375,1
21934,891,1,131,10,1,3,3,3,15,44,27.734,5049930,39,7,01:51.6,225.943,1
21935,891,3,131,9,4,4,4,4,12,44,29.872,5052068,39,6,01:51.6,225.971,1
21937,891,18,1,5,6,6,6,6,8,44,40.794,5062990,36,2,01:50.8,227.519,1
21954,892,20,9,1,1,1,1,1,25,53,18:33.4,4713352,52,12,01:27.2,239.187,1
21955,892,4,6,3,5,2,2,2,18,53,5.467,4718819,52,5,01:26.8,240.27,1
21959,892,3,131,9,6,6,6,6,8,53,10.999,4724351,50,2,01:26.5,241.095,1
21962,892,1,131,10,12,9,9,9,2,53,33.527,4746879,51,1,01:25.8,242.924,1
21963,892,18,1,5,9,10,10,10,1,53,38.327,4751679,46,16,01:27.8,237.445,1
21964,892,8,208,7,11,11,11,11,0,53,38.695,4752047,45,6,01:26.9,239.853,1
21976,893,20,9,1,1,1,1,1,25,61,59:13.1,7153132,46,1,01:48.6,167.94,1
21977,893,4,6,3,7,2,2,2,18,61,32.627,7185759,44,11,01:51.1,164.149,1
21978,893,8,208,7,13,3,3,3,15,61,43.92,7197052,55,13,01:51.1,164.063,1
21979,893,3,131,9,2,4,4,4,12,61,51.155,7204287,51,6,01:50.4,165.233,1
21980,893,1,131,10,5,5,5,5,10,61,53.159,7206291,59,4,01:49.9,165.89,1
21982,893,18,1,5,8,7,7,7,6,61,+1:23.354,7236486,46,15,01:51.7,163.182,1
21998,894,20,9,1,1,1,1,1,25,55,43:13.7,6193701,53,1,01:41.4,199.388,1
21999,894,8,208,7,9,2,2,2,18,55,4.224,6197925,51,3,01:42.0,198.225,1
22002,894,1,131,10,2,5,5,5,10,55,25.255,6218956,53,5,01:42.5,197.134,1
22003,894,4,6,3,5,6,6,6,8,55,26.189,6219890,54,7,01:42.7,196.808,1
22004,894,3,131,9,4,7,7,7,6,55,26.698,6220399,54,4,01:42.5,197.265,1
22005,894,18,1,5,11,8,8,8,4,55,32.262,6225963,45,12,01:43.1,196.113,1
22020,895,20,9,1,2,1,1,1,25,53,26:49.3,5209301,39,4,01:35.3,219.322,1
22023,895,4,6,3,8,4,4,4,12,53,45.605,5254906,39,8,01:35.9,218.041,1
22024,895,8,208,7,9,5,5,5,10,53,47.325,5256626,35,5,01:35.5,218.865,1
22027,895,3,131,9,6,8,8,8,4,53,+1:12.023,5281324,46,2,01:34.7,220.868,1
22028,895,18,1,5,10,9,9,9,2,53,+1:20.821,5290122,53,6,01:35.5,218.79,1
22042,896,20,9,1,1,1,1,1,25,60,31:12.2,5472187,54,2,01:28.1,209.383,1
22043,896,3,131,9,2,2,2,2,18,60,29.823,5502010,49,9,01:28.8,207.732,1
22047,896,1,131,10,3,6,6,6,8,60,52.475,5524662,53,15,01:29.1,207.182,1
22048,896,8,208,7,6,7,7,7,6,60,+1:07.988,5540175,60,1,01:27.7,210.426,1
22052,896,4,6,3,8,11,11,11,0,60,+1:18.297,5550484,58,6,01:28.7,207.983,1
22064,897,20,9,1,2,1,1,1,25,55,38:06.1,5886106,51,2,01:43.9,192.451,1
22066,897,3,131,9,3,3,3,3,15,55,33.65,5919756,51,6,01:44.5,191.41,1
22068,897,4,6,3,10,5,5,5,10,55,+1:07.181,5953287,55,1,01:43.4,193.305,1
22070,897,1,131,10,4,7,7,7,6,55,+1:19.267,5965373,47,10,01:45.5,189.586,1
22075,897,18,1,5,12,12,12,12,0,55,+1:43.767,5989873,43,17,01:46.3,188.03,1
22086,898,20,9,1,1,1,1,1,25,56,39:17.1,5957148,54,1,01:39.9,198.754,1
22089,898,1,131,10,5,4,4,4,12,56,27.358,5984506,50,5,01:40.8,196.857,1
22090,898,4,6,3,6,5,5,5,10,56,29.592,5986740,52,10,01:41.2,196.141,1
22094,898,3,131,9,12,9,9,9,2,56,59.141,6016289,51,8,01:41.1,196.244,1
22095,898,18,1,5,15,10,10,10,1,56,+1:17.278,6034426,50,12,01:41.3,195.95,1
22108,899,20,9,1,1,1,1,1,25,71,32:36.3,5556300,51,3,01:15.6,205.125,1
22110,899,4,6,3,3,3,3,3,15,71,18.913,5575213,50,2,01:15.5,205.473,1
22111,899,18,1,5,14,4,4,4,12,71,37.36,5593660,52,7,01:16.5,202.909,1
22112,899,3,131,9,2,5,5,5,10,71,39.048,5595348,60,6,01:16.4,202.93,1
22116,899,1,131,10,5,9,9,9,2,71,+1:12.903,5629203,51,10,01:16.7,202.268,1
22130,900,3,131,6,3,1,1,1,25,57,32:58.7,5578710,19,1,01:32.5,206.436,1
22132,900,18,1,22,10,3,3,3,15,57,30.027,5608737,39,5,01:32.9,205.46,1
22133,900,4,6,14,5,4,4,4,12,57,35.284,5613994,57,7,01:33.2,204.867,1
22136,900,8,6,7,11,7,7,7,6,57,57.675,5636385,56,8,01:33.2,204.814,1
22152,901,1,131,44,1,1,1,1,25,56,40:26.0,6025974,53,1,01:43.1,193.611,1
22153,901,3,131,6,3,2,2,2,18,56,17.313,6043287,55,2,01:44.0,191.946,1
22154,901,20,9,1,2,3,3,3,15,56,24.534,6050508,51,4,01:44.3,191.341,1
22155,901,4,6,14,4,4,4,4,12,56,35.992,6061966,47,3,01:44.2,191.569,1
22157,901,18,1,22,10,6,6,6,8,56,+1:23.691,6109665,47,11,01:46.0,188.183,1
22174,902,1,131,44,2,1,1,1,25,57,39:42.7,5982743,49,2,01:37.1,200.634,1
22175,902,3,131,6,1,2,2,2,18,57,1.085,5983828,49,1,01:37.0,200.816,1
22179,902,20,9,1,10,6,6,6,8,57,29.879,6012622,18,6,01:39.3,196.181,1
22182,902,4,6,14,9,9,9,9,2,57,32.595,6015338,53,12,01:39.7,195.355,1
22183,902,8,6,7,5,10,10,10,1,57,33.462,6016205,35,8,01:39.4,195.933,1
22196,903,1,131,44,1,1,1,1,25,54,33:28.3,5608338,42,2,01:41.2,193.916,1
22197,903,3,131,6,4,2,2,2,18,54,18.062,5626400,39,1,01:40.4,195.45,1
22198,903,4,6,14,5,3,3,3,15,54,23.604,5631942,48,4,01:42.1,192.235,1
22200,903,20,9,1,3,5,5,5,10,54,47.778,5656116,37,5,01:42.2,192.07,1
22203,903,8,6,7,11,8,8,8,4,54,+1:16.335,5684673,34,8,01:42.3,191.824,1
22218,904,1,131,44,1,1,1,1,25,66,41:05.2,6065155,54,3,01:29.5,187.275,1
22219,904,3,131,6,2,2,2,2,18,66,0.636,6065791,51,2,01:29.2,187.794,1
22221,904,20,9,1,15,4,4,4,12,66,+1:16.702,6141857,55,1,01:28.9,188.465,1
22223,904,4,6,14,7,6,6,6,8,66,+1:27.743,6152898,55,4,01:29.9,186.411,1
22240,905,3,131,6,1,1,1,1,25,78,49:27.7,6567661,33,4,01:19.4,151.388,1
22241,905,1,131,44,2,2,2,2,18,78,9.21,6576871,34,3,01:19.4,151.51,1
22243,905,4,6,14,5,4,4,4,12,78,32.452,6600113,54,5,01:19.7,150.814,1
22263,906,3,131,6,1,2,2,2,18,70,4.236,5957066,33,7,01:18.9,199.028,1
22264,906,20,9,1,3,3,3,3,15,70,5.247,5958077,48,10,01:19.2,198.299,1
22265,906,18,1,22,9,4,4,4,12,70,11.755,5964585,64,5,01:18.8,199.337,1
22267,906,4,6,14,7,6,6,6,8,70,14.869,5967699,64,3,01:18.6,199.704,1
22271,906,8,6,7,10,10,10,10,1,70,53.678,6006508,68,2,01:18.5,199.921,1
22284,907,3,131,6,3,1,1,1,25,71,27:55.0,5274976,50,6,01:12.6,214.518,1
22285,907,1,131,44,9,2,2,2,18,71,1.932,5276908,41,2,01:12.2,215.65,1
22288,907,4,6,14,4,5,5,5,10,71,18.553,5293529,58,5,01:12.6,214.527,1
22293,907,8,6,7,8,10,10,10,1,71,47.777,5322753,55,9,01:12.9,213.676,1
22294,907,18,1,22,11,11,11,11,0,71,50.966,5325942,60,8,01:12.9,213.752,1
22306,908,1,131,44,6,1,1,1,25,52,26:52.1,8812094,26,1,01:37.2,218.239,1
22309,908,18,1,22,3,4,4,4,12,52,47.39,8859484,52,5,01:38.3,215.778,1
22310,908,20,9,1,2,5,5,5,10,52,53.864,8865958,52,2,01:37.5,217.556,1
22311,908,4,6,14,16,6,6,6,8,52,59.946,8872040,52,8,01:38.6,215.115,1
22328,909,3,131,6,1,1,1,1,25,67,33:42.9,5622914,67,6,01:21.3,202.543,1
22330,909,1,131,44,20,3,3,3,15,67,22.53,5645444,53,1,01:19.9,206.066,1
22331,909,20,9,1,6,4,4,4,12,67,44.014,5666928,39,10,01:21.5,201.93,1
22332,909,4,6,14,7,5,5,5,10,67,52.467,5675381,57,3,01:20.5,204.429,1
22335,909,18,1,22,11,8,8,8,4,67,+1:24.711,5707625,64,8,01:21.3,202.424,1
22351,910,4,6,14,5,2,2,2,18,70,5.225,6790283,40,5,01:27.4,180.413,1
22352,910,1,131,44,22,3,3,3,15,70,5.857,6790915,36,4,01:27.4,180.494,1
22353,910,3,131,6,1,4,4,4,12,70,+6.361s,6791419,64,1,01:25.7,183.981,1
22355,910,8,6,7,16,6,6,6,8,70,31.491,6816549,47,6,01:28.0,179.257,1
22356,910,20,9,1,2,7,7,7,6,70,40.964,6826022,52,9,01:28.7,177.716,1
22359,910,18,1,22,7,10,10,10,1,70,+1:07.280,6852338,50,13,01:29.2,176.898,1
22374,911,3,131,6,1,2,2,2,18,44,3.383,5079939,36,1,01:50.5,228.161,1
22376,911,8,6,7,8,4,4,4,12,44,36.815,5113371,39,13,01:54.1,221.004,1
22377,911,20,9,1,3,5,5,5,10,44,52.196,5128752,36,5,01:53.0,223.229,1
22378,911,18,1,22,10,6,6,6,8,44,54.58,5131136,38,8,01:53.5,222.186,1
22379,911,4,6,14,4,7,7,7,6,44,+1:01.162,5137718,29,11,01:53.9,221.413,1
22395,912,1,131,44,1,1,1,1,25,53,19:10.2,4750236,29,1,01:28.0,236.975,1
22396,912,3,131,6,2,2,2,2,18,53,3.175,4753411,51,2,01:28.2,236.432,1
22400,912,20,9,1,8,6,6,6,8,53,59.965,4810201,34,10,01:29.1,233.952,1
22402,912,18,1,22,6,8,8,8,4,53,+1:03.063,4813299,35,11,01:29.2,233.68,1
22403,912,8,6,7,11,9,9,9,2,53,+1:03.535,4813771,43,7,01:28.9,234.476,1
22417,913,1,131,44,1,1,1,1,25,60,00:04.8,7204795,39,1,01:50.4,165.137,1
22418,913,20,9,1,4,2,2,2,18,60,13.534,7218329,27,8,01:52.5,162.052,1
22420,913,4,6,14,5,4,4,4,12,60,15.389,7220184,27,6,01:52.1,162.636,1
22424,913,8,6,7,7,8,8,8,4,60,+1:00.641,7265436,28,11,01:52.9,161.545,1
22439,914,1,131,44,2,1,1,1,25,44,51:43.0,6703021,39,1,01:51.6,187.322,1
22440,914,3,131,6,1,2,2,2,18,44,9.18,6712201,15,6,01:52.6,185.739,1
22441,914,20,9,1,9,3,3,3,15,44,29.122,6732143,32,3,01:51.9,186.795,1
22443,914,18,1,22,8,5,5,5,10,44,+1:07.550,6770571,33,2,01:51.7,187.119,1
22461,915,1,131,44,1,1,1,1,25,53,31:50.7,5510744,48,3,01:41.6,207.2,1
22462,915,3,131,6,2,2,2,2,18,53,13.657,5524401,52,2,01:41.4,207.703,1
22464,915,18,1,22,4,4,4,4,12,53,30.234,5540978,47,4,01:42.0,206.472,1
22466,915,4,6,14,7,6,6,6,8,53,+1:00.016,5570760,53,6,01:42.2,206.038,1
22468,915,20,9,1,10,8,8,8,4,53,+1:06.185,5576929,53,8,01:42.6,205.133,1
22469,915,8,6,7,8,9,9,9,2,53,+1:18.877,5589621,45,11,01:42.9,204.556,1
22482,916,1,131,44,2,1,1,1,25,56,40:04.8,6004785,49,4,01:41.9,194.712,1
22483,916,3,131,6,1,2,2,2,18,56,4.314,6009099,48,5,01:41.9,194.706,1
22487,916,4,6,14,6,6,6,6,8,56,+1:35.231,6100016,47,2,01:41.5,195.585,1
22488,916,20,9,1,18,7,7,7,6,56,+1:35.734,6100519,50,1,01:41.4,195.768,1
22500,917,3,131,6,1,1,1,1,25,71,30:02.6,5402555,62,2,01:13.6,210.711,1
22501,917,1,131,44,2,2,2,2,18,71,1.457,5404012,62,1,01:13.6,210.895,1
22503,917,18,1,22,5,4,4,4,12,71,48.658,5451213,68,4,01:14.0,209.629,1
22504,917,20,9,1,6,5,5,5,10,71,51.42,5453975,68,5,01:14.0,209.576,1
22505,917,4,6,14,8,6,6,6,8,71,+1:01.906,5464461,55,10,01:14.3,208.744,1
22506,917,8,6,7,10,7,7,7,6,71,+1:03.730,5466285,37,17,01:15.0,206.934,1
22518,918,1,131,44,2,1,1,1,50,55,39:02.6,5942619,49,4,01:45.6,189.342,1
22522,918,18,1,22,6,5,5,5,20,55,+1:00.334,6002953,47,9,01:46.7,187.32,1
22525,918,20,9,1,19,8,8,8,8,55,+1:12.045,6014664,51,3,01:45.6,189.427,1
22526,918,4,6,14,8,9,9,9,4,55,+1:25.813,6028432,45,12,01:47.4,186.126,1
22527,918,8,6,7,7,10,10,10,2,55,+1:27.820,6030439,46,16,01:47.7,185.586,1
22538,926,1,131,44,1,1,1,1,25,58,31:54.1,5514067,50,1,01:30.9,209.915,1
22539,926,3,131,6,2,2,2,2,18,58,1.36,5515427,47,2,01:31.1,209.577,1
22540,926,20,6,5,4,3,3,3,15,58,34.523,5548590,52,4,01:31.5,208.74,1
22556,927,20,6,5,2,1,1,1,25,56,41:05.8,6065793,46,3,01:43.6,193.501,1
22557,927,1,131,44,1,2,2,2,18,56,8.569,6074362,45,2,01:43.1,193.501,1
22558,927,3,131,6,3,3,3,3,15,56,12.31,6078103,43,1,01:42.1,195.516,1
22559,927,8,6,7,11,4,4,4,12,56,53.822,6119615,40,7,01:44.1,191.644,1
22576,928,1,131,44,1,1,1,1,25,56,39:42.0,5982008,31,1,01:42.2,191.996,1
22577,928,3,131,6,2,2,2,2,18,56,0.714,5982722,39,2,01:42.6,191.328,1
22578,928,20,6,5,3,3,3,3,15,56,2.988,5984996,15,5,01:43.0,190.487,1
22579,928,8,6,7,6,4,4,4,12,56,3.835,5985843,48,6,01:43.0,190.472,1
22596,929,1,131,44,1,1,1,1,25,57,35:05.8,5705809,38,5,01:37.9,199.098,1
22597,929,8,6,7,4,2,2,2,18,57,3.38,5709189,42,1,01:36.3,202.294,1
22598,929,3,131,6,3,3,3,3,15,57,6.033,5711842,36,3,01:37.3,200.184,1
22600,929,20,6,5,2,5,5,5,10,57,43.989,5749798,38,2,01:36.6,201.639,1
22616,930,3,131,6,1,1,1,1,25,66,41:12.6,6072555,53,2,01:29.1,188.061,1
22617,930,1,131,44,2,2,2,2,18,66,17.551,6090106,54,1,01:28.3,189.849,1
22618,930,20,6,5,3,3,3,3,15,66,45.342,6117897,61,6,01:30.7,184.687,1
22620,930,8,6,7,7,5,5,5,10,66,+1:00.002,6132557,47,3,01:29.9,186.342,1
22636,931,3,131,6,2,1,1,1,25,78,49:18.4,6558420,76,2,01:18.6,152.841,1
22637,931,20,6,5,3,2,2,2,18,78,4.486,6562906,75,4,01:18.9,152.347,1
22638,931,1,131,44,1,3,3,3,15,78,6.053,6564473,42,3,01:18.7,152.692,1
22641,931,8,6,7,6,6,6,6,8,78,14.345,6572765,74,10,01:19.7,150.822,1
22643,931,18,1,22,10,8,8,8,4,78,16.063,6574483,76,9,01:19.5,151.128,1
22656,932,1,131,44,1,1,1,1,25,70,31:53.1,5513145,64,3,01:17.5,202.648,1
22657,932,3,131,6,2,2,2,2,18,70,2.285,5515430,63,5,01:17.6,202.218,1
22659,932,8,6,7,3,4,4,4,12,70,45.625,5558770,42,1,01:17.0,203.925,1
22660,932,20,6,5,18,5,5,5,10,70,49.903,5563048,59,2,01:17.1,203.613,1
22676,933,3,131,6,2,1,1,1,25,71,30:16.9,5416930,35,1,01:11.2,218.622,1
22677,933,1,131,44,1,2,2,2,18,71,8.8,5425730,60,2,01:11.5,217.888,1
22679,933,20,6,5,3,4,4,4,12,71,18.181,5435111,44,3,01:11.5,217.815,1
22696,934,1,131,44,1,1,1,1,25,52,31:27.7,5487729,29,1,01:37.1,218.425,1
22697,934,3,131,6,2,2,2,2,18,52,10.956,5498685,24,2,01:37.4,217.73,1
22698,934,20,6,5,6,3,3,3,15,52,25.443,5513172,31,6,01:37.7,217.053,1
22716,936,20,6,5,3,1,1,1,25,69,46:10.0,6369985,63,5,01:26.8,181.759,1
22720,936,4,1,14,15,5,5,5,10,69,49.079,6419064,67,10,01:27.3,180.637,1
22721,936,1,131,44,1,6,6,6,8,69,52.025,6422010,68,3,01:25.7,183.974,1
22723,936,3,131,6,2,8,8,8,4,69,58.876,6428861,68,2,01:25.1,185.223,1
22724,936,18,1,22,16,9,9,9,2,69,+1:07.028,6437013,65,17,01:28.5,178.139,1
22736,937,1,131,44,1,1,1,1,25,43,23:40.4,5020387,34,2,01:52.5,224.12,1
22737,937,3,131,6,2,2,2,2,18,43,2.058,5022445,34,1,01:52.4,224.295,1
22742,937,8,6,7,16,7,7,7,6,43,55.703,5076090,30,9,01:54.5,220.18,1
22756,938,1,131,44,1,1,1,1,25,53,18:00.7,4680688,48,1,01:26.7,240.617,1
22757,938,20,6,5,3,2,2,2,18,53,25.042,4705730,52,3,01:27.4,238.678,1
22760,938,8,6,7,2,5,5,5,10,53,+1:08.860,4749548,43,7,01:27.6,238.111,1
22776,939,20,6,5,1,1,1,1,25,61,01:22.1,7282118,53,2,01:50.1,165.659,1
22778,939,8,6,7,3,3,3,3,15,61,17.154,7299272,48,5,01:50.3,165.251,1
22779,939,3,131,6,6,4,4,4,12,61,24.72,7306838,50,7,01:50.9,164.368,1
22816,941,1,131,44,2,1,1,1,25,53,37:11.0,5831024,44,3,01:40.6,209.328,1
22817,941,20,6,5,4,2,2,2,18,53,5.953,5836977,51,1,01:40.1,210.378,1
22820,941,8,6,7,5,8,8,8,4,53,+1:12.358,5903382,48,2,01:40.3,209.91,1
22824,941,18,1,22,13,9,9,9,2,53,+1:19.467,5910491,53,13,01:43.1,204.261,1
22826,941,4,1,14,19,11,11,11,0,53,+1:31.210,5922234,29,12,01:42.6,205.115,1
22837,942,1,131,44,2,1,1,1,25,56,50:52.7,6652703,48,2,01:40.7,197.014,1
22838,942,3,131,6,1,2,2,2,18,56,2.85,6655553,49,1,01:40.7,197.154,1
22839,942,20,6,5,13,3,3,3,15,56,3.381,6656084,52,3,01:41.3,195.863,1
22842,942,18,1,22,11,6,6,6,8,56,28.058,6680761,50,8,01:43.0,192.638,1
22847,942,4,1,14,9,11,11,11,0,56,54.816,6707519,55,11,01:44.3,190.243,1
22857,943,3,131,6,1,1,1,1,25,71,42:35.0,6155038,67,1,01:20.5,192.426,1
22858,943,1,131,44,2,2,2,2,18,71,1.954,6156992,67,2,01:20.7,191.945,1
22870,943,18,1,22,20,14,14,14,0,71,49.214,6204252,49,15,01:23.0,186.666,1
22877,944,3,131,6,1,1,1,1,25,71,31:09.1,5469090,57,2,01:15.0,206.95,1
22878,944,1,131,44,2,2,2,2,18,71,7.756,5476846,51,1,01:14.8,207.296,1
22879,944,20,6,5,3,3,3,3,15,71,14.244,5483334,57,3,01:15.0,206.705,1
22880,944,8,6,7,4,4,4,4,12,71,47.543,5516633,48,4,01:15.4,205.691,1
22897,945,3,131,6,1,1,1,1,25,55,38:30.2,5910175,37,5,01:45.4,189.779,1
22898,945,1,131,44,2,2,2,2,18,55,8.271,5918446,44,1,01:44.5,191.302,1
22899,945,8,6,7,3,3,3,3,15,55,19.43,5929605,47,4,01:44.9,190.528,1
22900,945,20,6,5,15,4,4,4,12,55,43.735,5953910,48,2,01:44.6,191.242,1
22917,948,3,131,6,2,1,1,1,25,57,48:15.6,6495565,21,3,01:30.6,210.815,1
22918,948,1,131,44,1,2,2,2,18,57,8.06,6503625,48,4,01:30.6,210.608,1
22919,948,20,6,5,3,3,3,3,15,57,9.643,6505208,23,2,01:30.0,212.235,1
22939,949,3,131,6,2,1,1,1,25,57,33:34.7,5614696,41,1,01:34.5,206.21,1
22940,949,8,6,7,4,2,2,2,18,57,10.282,5624978,39,3,01:35.2,204.745,1
22941,949,1,131,44,1,3,3,3,15,57,30.148,5644844,43,2,01:34.7,205.785,1
22961,950,3,131,6,1,1,1,1,25,56,38:53.9,5933891,38,6,01:40.4,195.419,1
22962,950,20,6,5,4,2,2,2,18,56,37.776,5971667,37,9,01:40.6,195.046,1
22965,950,8,6,7,3,5,5,5,10,56,+1:05.872,5999763,40,8,01:40.6,195.079,1
22967,950,1,131,44,22,7,7,7,6,56,+1:18.230,6012121,32,10,01:40.7,194.945,1
22972,950,4,1,14,11,12,12,12,0,56,+1:37.253,6031144,36,19,01:42.2,191.962,1
22973,950,18,1,22,12,13,13,13,0,56,+1:41.990,6035881,46,3,01:40.3,195.652,1
22983,951,3,131,6,1,1,1,1,25,53,32:42.0,5561997,52,1,01:39.1,212.452,1
22984,951,1,131,44,10,2,2,2,18,53,25.022,5587019,36,4,01:40.3,209.969,1
22985,951,8,6,7,3,3,3,3,15,53,31.998,5593995,47,3,01:40.1,210.315,1
23006,952,8,6,7,5,2,2,2,18,66,0.616,6100633,38,4,01:28.5,189.274,1
23007,952,20,6,5,6,3,3,3,15,66,5.581,6105598,39,2,01:28.0,190.488,1
23027,953,1,131,44,3,1,1,1,25,78,59:29.1,7169133,71,1,01:17.9,154.135,1
23030,953,20,6,5,4,4,4,4,12,78,15.846,7184979,62,2,01:18.0,154.005,1
23031,953,4,1,14,9,5,5,5,10,78,+1:25.076,7254209,72,8,01:19.2,151.739,1
23033,953,3,131,6,2,7,7,7,6,78,+1:33.290,7262423,74,6,01:18.8,152.523,1
23049,954,1,131,44,1,1,1,1,25,70,31:05.3,5465296,68,2,01:16.0,206.625,1
23050,954,20,6,5,3,2,2,2,18,70,5.011,5470307,70,3,01:16.3,205.769,1
23053,954,3,131,6,2,5,5,5,10,70,+1:02.093,5527389,60,1,01:15.6,207.669,1
23054,954,8,6,7,6,6,6,6,8,70,+1:03.017,5528313,44,9,01:16.9,204.105,1
23071,955,3,131,6,1,1,1,1,25,51,32:52.4,5572366,48,1,01:46.5,202.946,1
23072,955,20,6,5,3,2,2,2,18,51,16.696,5589062,49,5,01:47.0,201.917,1
23074,955,8,6,7,4,4,4,4,12,51,33.102,5605468,41,6,01:47.2,201.629,1
23075,955,1,131,44,10,5,5,5,10,51,56.335,5628701,42,2,01:46.8,202.306,1
23081,955,18,1,22,19,11,11,11,0,51,+1:44.817,5677183,50,10,01:47.6,200.802,1
23093,956,1,131,44,1,1,1,1,25,71,27:38.1,5258107,67,1,01:08.4,227.647,1
23095,956,8,6,7,4,3,3,3,15,71,6.024,5264131,66,4,01:08.9,226.11,1
23096,956,3,131,6,6,4,4,4,12,71,16.71,5274817,66,2,01:08.5,227.381,1
23098,956,18,1,22,3,6,6,6,8,71,37.706,5295813,70,9,01:10.0,222.476,1
23115,957,1,131,44,1,1,1,1,25,52,34:55.8,5695831,45,3,01:35.8,221.44,1
23117,957,3,131,6,2,3,3,3,15,52,16.911,5712742,44,1,01:35.5,221.957,1
23119,957,8,6,7,5,5,5,5,10,52,+1:09.743,5765574,39,8,01:37.0,218.648,1
23123,957,20,6,5,11,9,9,9,2,52,+1:31.654,5787485,44,7,01:36.9,218.786,1
23137,958,1,131,44,2,1,1,1,25,70,40:30.1,6030115,69,3,01:23.8,188.095,1
23138,958,3,131,6,1,2,2,2,18,70,1.977,6032092,60,2,01:23.7,188.497,1
23140,958,20,6,5,5,4,4,4,12,70,28.213,6058328,59,4,01:24.4,186.904,1
23142,958,8,6,7,14,6,6,6,8,70,49.044,6079159,52,1,01:23.1,189.822,1
23159,959,1,131,44,2,1,1,1,25,67,30:44.2,5444200,52,3,01:18.7,209.107,1
23162,959,3,131,6,1,4,4,4,12,67,15.845,5460045,51,5,01:19.1,208.114,1
23163,959,20,6,5,6,5,5,5,10,67,32.57,5476770,48,2,01:18.7,209.203,1
23164,959,8,6,7,5,6,6,6,8,67,37.023,5481223,36,6,01:19.6,206.937,1
23181,960,3,131,6,1,1,1,1,25,44,44:51.1,6291058,11,2,01:51.7,225.64,1
23183,960,1,131,44,21,3,3,3,15,44,27.634,6318692,40,1,01:51.6,225.969,1
23186,960,20,6,5,4,6,6,6,8,44,45.394,6336452,35,5,01:52.7,223.674,1
23187,960,4,1,14,22,7,7,7,6,44,59.445,6350503,43,15,01:54.5,220.243,1
23189,960,8,6,7,3,9,9,9,2,44,+1:01.109,6352167,27,9,01:53.5,222.157,1
23203,961,3,131,6,2,1,1,1,25,53,17:28.1,4648089,26,9,01:26.6,240.82,1
23204,961,1,131,44,1,2,2,2,18,53,15.07,4663159,27,4,01:26.3,241.646,1
23205,961,20,6,5,3,3,3,3,15,53,20.99,4669079,48,5,01:26.3,241.626,1
23206,961,8,6,7,4,4,4,4,12,53,27.561,4675650,50,3,01:26.0,242.452,1
23225,962,3,131,6,1,1,1,1,25,61,55:49.0,6948950,38,6,01:50.3,165.318,1
23227,962,1,131,44,3,3,3,3,15,61,8.038,6956988,52,3,01:47.8,169.221,1
23228,962,8,6,7,5,4,4,4,12,61,10.219,6959169,51,4,01:48.2,168.515,1
23229,962,20,6,5,22,5,5,5,10,61,27.694,6976644,45,2,01:47.3,169.863,1
23231,962,4,1,14,9,7,7,7,6,61,+1:29.198,7038148,49,12,01:51.2,163.902,1
23249,963,3,131,6,2,3,3,3,15,56,25.516,5858292,44,1,01:36.4,206.948,1
23250,963,8,6,7,6,4,4,4,12,56,28.785,5861561,47,4,01:37.5,204.736,1
23253,963,4,1,14,22,7,7,7,6,56,+1:05.205,5897981,44,6,01:38.3,203.017,1
23255,963,18,1,22,9,9,9,9,2,56,+1:21.816,5914592,51,8,01:38.7,202.094,1
23269,964,3,131,6,1,1,1,1,25,53,26:43.3,5203333,31,5,01:36.0,217.651,1
23271,964,1,131,44,2,3,3,3,15,53,5.776,5209109,36,2,01:35.2,219.703,1
23272,964,20,6,5,6,4,4,4,12,53,20.269,5223602,36,1,01:35.1,219.781,1
23273,964,8,6,7,8,5,5,5,10,53,28.37,5231703,33,4,01:36.0,217.785,1
23291,965,1,131,44,1,1,1,1,25,56,38:12.6,5892618,45,4,01:42.4,193.842,1
23292,965,3,131,6,2,2,2,2,18,56,4.52,5897138,34,3,01:41.9,194.773,1
23294,965,20,6,5,6,4,4,4,12,56,43.134,5935752,55,1,01:39.9,198.712,1
23295,965,4,1,14,12,5,5,5,10,56,+1:33.953,5986571,36,10,01:43.5,191.752,1
23313,966,1,131,44,1,1,1,1,25,71,40:31.4,6031402,66,4,01:22.6,187.592,1
23314,966,3,131,6,2,2,2,2,18,71,8.354,6039756,43,5,01:22.8,187.148,1
23317,966,20,6,5,7,5,5,5,10,71,27.313,6058715,61,2,01:22.5,187.817,1
23318,966,8,6,7,6,6,6,6,8,71,49.376,6080778,47,3,01:22.5,187.783,1
23335,967,1,131,44,1,1,1,1,25,71,01:01.3,10861335,44,3,01:25.6,181.137,1
23336,967,3,131,6,2,2,2,2,18,71,11.455,10872790,47,6,01:26.2,179.912,1
23339,967,20,6,5,5,5,5,5,10,71,26.334,10887669,70,5,01:26.2,179.968,1
23344,967,4,1,14,10,10,10,10,1,71,44.432,10905767,70,12,01:27.1,178.09,1
23350,967,18,1,22,17,16,16,16,0,71,+1:21.994,10943329,38,10,01:27.0,178.338,1
23357,968,1,131,44,1,1,1,1,25,55,38:04.0,5884013,37,5,01:45.1,190.174,1
23358,968,3,131,6,2,2,2,2,18,55,0.439,5884452,33,9,01:45.3,189.95,1
23359,968,20,6,5,5,3,3,3,15,55,0.843,5884856,43,1,01:43.7,192.756,1
23362,968,8,6,7,4,6,6,6,8,55,18.816,5902829,35,6,01:45.2,190.127,1
23366,968,4,1,14,9,10,10,10,1,55,59.896,5943909,50,2,01:44.5,191.343,1
23379,969,20,6,5,2,1,1,1,25,57,24:11.7,5051672,53,3,01:26.6,220.351,1
23380,969,1,131,44,1,2,2,2,18,57,9.975,5061647,44,6,01:27.0,219.351,1
23382,969,8,6,7,4,4,4,4,12,57,22.393,5074065,56,1,01:26.5,220.605,1
23399,970,1,131,44,1,1,1,1,25,56,37:36.2,5856158,44,1,01:35.4,205.745,1
23400,970,20,6,5,2,2,2,2,18,56,6.25,5862408,40,2,01:35.4,205.648,1
23403,970,8,6,7,4,5,5,5,10,56,48.076,5904234,42,4,01:36.0,204.406,1
23419,971,20,6,5,3,1,1,1,25,57,33:53.4,5633374,36,4,01:33.8,207.652,1
23420,971,1,131,44,2,2,2,2,18,57,6.66,5640034,46,1,01:32.8,209.952,1
23422,971,8,6,7,5,4,4,4,12,57,22.475,5655849,55,3,01:33.7,207.887,1
23440,972,20,6,5,1,2,2,2,18,52,0.617,5289360,49,2,01:37.3,216.343,1
23441,972,8,6,7,2,3,3,3,15,52,11,5299743,49,1,01:36.8,217.388,1
23442,972,1,131,44,4,4,4,4,12,52,36.32,5325063,18,6,01:38.4,213.955,1
23459,973,1,131,44,1,1,1,1,25,66,35:56.5,5756497,64,1,01:23.6,200.471,1
23460,973,20,6,5,2,2,2,2,18,66,3.49,5759987,43,2,01:23.7,200.277,1
23479,974,20,6,5,2,1,1,1,25,78,44:44.3,6284340,38,2,01:15.2,159.669,1
23480,974,8,6,7,1,2,2,2,18,78,3.145,6287485,39,3,01:15.5,159.058,1
23485,974,1,131,44,13,7,7,7,6,78,15.801,6300141,54,5,01:15.8,158.433,1
23499,975,1,131,44,1,1,1,1,25,70,33:05.2,5585154,64,1,01:14.6,210.588,1
23502,975,20,6,5,2,4,4,4,12,70,35.907,5621061,70,2,01:14.7,210.115,1
23505,975,8,6,7,4,7,7,7,6,70,58.632,5643786,59,3,01:15.4,208.25,1
23522,976,20,6,5,4,4,4,4,12,51,5.976,7441549,47,1,01:43.4,208.919,1
23523,976,1,131,44,1,5,5,5,10,51,6.188,7441761,46,2,01:43.5,208.862,1
23527,976,4,1,14,19,9,9,9,2,51,59.551,7495124,49,6,01:45.2,205.488,1
23543,977,20,6,5,2,2,2,2,18,71,0.658,4909181,69,4,01:07.5,230.306,1
23545,977,1,131,44,8,4,4,4,12,71,7.43,4915953,69,1,01:07.4,230.597,1
23546,977,8,6,7,3,5,5,5,10,71,20.37,4928893,68,3,01:07.5,230.341,1
23562,978,1,131,44,1,1,1,1,25,51,21:27.4,4887430,48,1,01:30.6,234.025,1
23564,978,8,6,7,2,3,3,3,15,51,36.57,4924000,44,4,01:31.5,231.733,1
23568,978,20,6,5,3,7,7,7,6,51,+1:33.989,4981419,38,5,01:31.9,230.838,1
23582,979,20,6,5,1,1,1,1,25,70,39:46.7,5986713,69,4,01:20.8,195.176,1
23583,979,8,6,7,2,2,2,2,18,70,0.908,5987621,70,2,01:20.5,196.015,1
23585,979,1,131,44,4,4,4,4,12,70,12.885,5999598,66,5,01:20.8,195.149,1
23587,979,4,1,14,7,6,6,6,8,70,+1:11.223,6057936,69,1,01:20.2,196.697,1
23602,980,1,131,44,1,1,1,1,25,44,24:42.8,5082820,35,2,01:46.6,236.526,1
23603,980,20,6,5,2,2,2,2,18,44,2.358,5085178,41,1,01:46.6,236.583,1
23605,980,8,6,7,4,4,4,4,12,44,14.471,5097291,36,5,01:47.7,234.051,1
23622,981,1,131,44,1,1,1,1,25,53,15:32.3,4532312,50,2,01:23.5,249.793,1
23624,981,20,6,5,6,3,3,3,15,53,36.317,4568629,51,4,01:23.9,248.576,1
23626,981,8,6,7,5,5,5,5,10,53,+1:00.082,4592394,43,8,01:25.1,245.194,1
23642,982,1,131,44,5,1,1,1,25,58,03:23.5,7403544,55,1,01:45.0,173.643,1
23663,983,1,131,44,1,2,2,2,18,56,12.77,5414060,48,3,01:34.5,211.269,1
23665,983,20,6,5,20,4,4,4,12,56,37.362,5438652,41,1,01:34.1,212.104,1
23682,984,1,131,44,1,1,1,1,25,53,27:31.2,5251194,43,6,01:33.8,222.917,1
23686,984,8,6,7,10,5,5,5,10,53,32.622,5283816,50,2,01:33.2,224.364,1
23702,985,1,131,44,1,1,1,1,25,56,33:51.0,5630991,48,5,01:38.8,200.927,1
23703,985,20,6,7,2,2,2,2,18,56,10.143,5641134,42,6,01:38.8,200.86,1
23704,985,8,6,5,5,3,3,3,15,56,15.779,5646770,51,1,01:37.8,203.003,1
23724,986,8,6,7,5,3,3,3,15,71,54.007,5840559,59,6,01:20.1,193.549,1
23725,986,20,6,5,1,4,4,4,12,71,+1:10.078,5856630,68,1,01:18.8,196.666,1
23742,987,20,6,5,2,1,1,1,25,71,31:26.3,5486262,63,7,01:12.5,213.849,1
23744,987,8,6,7,3,3,3,3,15,71,4.6,5490862,61,6,01:12.5,213.987,1
23745,987,1,131,44,20,4,4,4,12,71,5.468,5491730,63,2,01:11.8,215.914,1
23749,987,4,1,14,6,8,8,8,4,71,+1:09.363,5555625,57,10,01:13.5,211.193,1
23763,988,1,131,44,2,2,2,2,18,55,3.899,5657961,51,3,01:41.5,197.041,1
23764,988,20,6,5,3,3,3,3,15,55,19.33,5673392,5,2,01:40.8,198.416,1
23765,988,8,6,7,5,4,4,4,12,55,45.386,5699448,53,7,01:42.3,195.376,1
