qualifyId,raceId,driverId,constructorId,number,position,q1,q2,q3
1,18,1,1,22,1,1:26.572,1:25.187,1:26.714
7,18,3,3,7,7,1:26.295,1:26.059,1:28.687
10,18,20,5,15,10,1:26.702,1:25.842,NULL
12,18,4,4,5,12,1:26.907,1:26.188,NULL
13,18,18,11,16,13,1:26.712,1:26.259,NULL
16,18,8,6,1,16,1:26.140,0:00.0,NULL
24,19,8,6,1,2,1:35.645,1:34.188,1:36.230
26,19,1,1,22,4,1:35.392,1:34.627,1:36.709
31,19,4,4,5,9,1:35.983,1:35.140,1:38.450
33,19,18,11,16,11,1:35.847,1:35.208,NULL
37,19,20,5,15,15,1:36.111,1:35.648,NULL
38,19,3,3,7,16,1:35.843,1:35.670,NULL
47,20,1,1,22,3,1:32.750,1:31.922,1:33.292
48,20,8,6,1,4,1:32.652,1:31.933,1:33.418
52,20,3,3,7,8,1:32.903,1:32.185,1:34.015
53,20,18,11,16,9,1:32.793,1:32.362,1:35.057
54,20,4,4,5,10,1:32.947,1:32.345,1:35.115
63,20,20,5,15,19,1:34.127,0:00.0,NULL
67,21,8,6,1,1,1:20.701,1:20.784,1:21.813
68,21,4,4,5,2,1:21.347,1:20.804,1:21.904
71,21,1,1,22,5,1:21.366,1:20.825,1:22.096
79,21,18,11,16,13,1:21.757,1:21.211,NULL
81,21,3,3,7,15,1:21.472,1:21.349,NULL
84,21,20,5,15,18,1:22.108,0:00.0,NULL
91,22,1,1,22,3,1:26.192,1:26.477,1:27.923
92,22,8,6,1,4,1:26.457,1:26.050,1:27.936
95,22,4,4,5,7,1:26.836,1:26.522,1:28.422
99,22,3,3,7,11,1:27.367,1:27.012,NULL
101,22,18,11,16,13,1:27.428,1:27.298,NULL
102,22,20,5,15,14,1:27.442,1:27.412,NULL
110,23,8,6,1,2,1:15.717,1:15.404,1:15.815
111,23,1,1,22,3,1:15.582,1:15.322,1:15.839
114,23,3,3,7,6,1:15.935,1:15.287,1:16.548
115,23,4,4,5,7,1:16.646,1:15.827,1:16.852
120,23,18,11,16,12,1:16.259,1:16.101,NULL
126,23,20,5,15,18,1:16.955,0:00.0,NULL
129,24,1,1,22,1,1:16.909,1:17.034,1:17.886
131,24,8,6,1,3,1:17.301,1:17.364,1:18.735
132,24,4,4,5,4,1:17.415,1:17.488,1:18.746
133,24,3,3,7,5,1:17.991,1:17.891,1:18.844
147,24,18,11,16,19,1:23.565,0:00.0,NULL
148,24,20,5,15,20,0:00.0,0:00.0,NULL
149,25,8,6,1,1,1:15.133,1:15.161,1:16.449
151,25,1,1,22,3,1:15.634,1:15.293,1:16.693
152,25,4,4,5,4,1:15.754,1:15.483,1:16.840
161,25,20,5,15,13,1:15.918,1:15.816,NULL
163,25,3,3,7,15,1:16.085,1:16.235,NULL
165,25,18,11,16,17,1:16.306,0:00.0,NULL
171,26,8,6,1,3,1:20.370,1:19.971,1:21.706
172,26,1,1,22,4,1:20.288,1:19.537,1:21.835
174,26,4,4,5,6,1:20.998,1:19.992,1:22.029
176,26,20,5,15,8,1:20.318,1:20.109,1:23.251
185,26,18,11,16,17,1:21.631,0:00.0,NULL
186,26,3,3,7,18,1:21.668,0:00.0,NULL
189,27,1,1,22,1,1:15.218,1:14.603,1:15.666
193,27,4,4,5,5,1:15.917,1:14.943,1:16.385
194,27,8,6,1,6,1:15.201,1:14.949,1:16.389
197,27,20,5,15,9,1:15.532,1:15.420,1:17.244
201,27,3,3,7,13,1:15.863,1:15.633,NULL
202,27,18,11,16,14,1:15.993,1:15.701,NULL
209,28,1,1,22,1,1:19.376,1:19.473,1:20.899
214,28,8,6,1,6,1:20.006,1:19.546,1:21.516
215,28,4,4,5,7,1:20.229,1:19.816,1:21.698
219,28,20,5,15,11,1:20.157,1:20.144,NULL
220,28,18,11,16,12,1:20.888,1:20.332,NULL
223,28,3,3,7,15,1:20.748,0:00.0,NULL
230,29,1,1,22,2,1:38.464,1:37.954,1:39.199
232,29,8,6,1,4,1:38.703,1:38.229,1:39.488
234,29,20,5,15,6,1:38.141,1:37.842,1:40.142
237,29,3,3,7,9,1:38.595,1:38.336,1:40.721
240,29,4,4,5,12,1:38.268,1:38.435,NULL
244,29,18,11,16,16,1:38.880,0:00.0,NULL
249,30,1,1,22,1,1:46.887,1:46.088,1:47.338
252,30,8,6,1,4,1:46.960,1:46.298,1:47.992
254,30,4,4,5,6,1:47.154,1:46.491,1:48.504
258,30,20,5,15,10,1:47.152,1:46.804,1:50.319
263,30,3,3,7,15,1:47.503,1:47.429,NULL
265,30,18,11,16,17,1:48.211,0:00.0,NULL
269,31,20,5,15,1,1:35.464,1:35.837,1:37.555
273,31,3,3,7,5,1:35.485,1:35.898,1:38.767
276,31,4,4,5,8,1:36.297,1:36.518,1:39.751
282,31,8,6,1,14,1:35.965,1:37.522,NULL
283,31,1,1,22,15,1:35.394,1:39.265,NULL
287,31,18,11,16,19,1:37.006,0:00.0,NULL
290,32,1,1,22,2,1:44.501,1:44.932,1:45.465
291,32,8,6,1,3,1:44.282,1:44.232,1:45.617
295,32,20,5,15,7,1:45.042,1:44.261,1:46.244
297,32,3,3,7,9,1:45.103,1:44.429,1:46.611
300,32,18,11,16,12,1:45.660,1:45.133,NULL
303,32,4,4,5,15,1:44.971,0:00.0,NULL
309,33,1,1,22,1,1:18.071,1:17.462,1:18.404
310,33,8,6,1,2,1:18.160,1:17.733,1:18.644
312,33,4,4,5,4,1:18.290,1:17.871,1:18.852
317,33,20,5,15,9,1:18.559,1:17.714,1:19.638
323,33,3,3,7,15,1:18.740,1:18.672,NULL
326,33,18,11,16,18,1:19.100,0:00.0,NULL
329,34,1,1,22,1,1:35.566,1:34.947,1:36.303
330,34,8,6,1,2,1:35.983,1:35.355,1:36.645
332,34,4,4,5,4,1:35.769,1:35.461,1:36.927
336,34,20,5,15,8,1:35.752,1:35.386,1:37.685
343,34,3,3,7,15,1:36.434,1:36.210,NULL
346,34,18,11,16,18,1:37.053,0:00.0,NULL
351,35,8,6,1,3,1:12.083,1:11.950,1:12.825
352,35,1,1,22,4,1:12.213,1:11.856,1:12.830
354,35,4,4,5,6,1:12.214,1:12.090,1:12.967
355,35,20,5,15,7,1:12.390,1:11.845,1:13.082
365,35,18,11,16,17,1:12.810,0:00.0,NULL
366,35,3,3,7,18,1:13.002,0:00.0,NULL
369,36,8,6,6,1,1:26.644,1:25.644,1:26.072
370,36,4,1,1,2,1:26.697,1:25.326,1:26.493
372,36,1,1,2,4,1:26.674,1:25.577,1:26.755
380,36,3,3,16,12,1:27.596,1:26.914,NULL
382,36,18,11,7,14,1:27.540,1:27.264,NULL
392,37,4,1,1,2,1:34.942,1:34.057,1:35.310
393,37,8,6,6,3,1:35.138,1:34.687,1:35.479
394,37,1,1,2,4,1:35.028,1:34.650,1:36.045
396,37,3,3,16,6,1:35.755,1:35.380,1:36.829
405,37,18,11,7,15,1:35.913,1:36.088,NULL
414,38,1,1,2,2,1:32.580,1:31.752,1:32.935
415,38,8,6,6,3,1:33.161,1:31.812,1:33.131
416,38,4,1,1,4,1:33.049,1:32.214,1:33.192
422,38,3,3,16,10,1:33.349,1:32.815,1:34.399
428,38,18,11,7,16,1:33.967,1:33.731,NULL
436,39,4,1,1,2,1:21.609,1:20.797,1:21.451
437,39,8,6,6,3,1:21.802,1:20.741,1:21.723
438,39,1,1,2,4,1:21.120,1:20.713,1:21.785
445,39,3,3,16,11,1:21.943,1:21.968,NULL
448,39,18,11,7,14,1:22.503,1:22.120,NULL
457,40,4,1,1,1,1:16.059,1:15.431,1:15.726
458,40,1,1,2,2,1:15.685,1:15.479,1:15.905
461,40,3,3,16,5,1:16.870,1:16.100,1:16.439
466,40,18,11,7,10,1:17.297,1:16.457,1:17.939
472,40,8,6,6,16,1:16.251,0:00.0,NULL
479,41,1,1,2,1,1:16.576,1:15.486,1:15.707
480,41,4,1,1,2,1:16.562,1:15.522,1:16.163
482,41,8,6,6,4,1:16.468,1:16.592,1:16.411
485,41,3,3,16,7,1:17.016,1:16.190,1:16.919
493,41,18,11,7,15,1:17.522,1:17.541,NULL
501,42,1,1,2,1,1:12.563,1:12.065,1:12.331
502,42,4,1,1,2,1:12.416,1:11.926,1:12.500
504,42,8,6,6,4,1:12.732,1:12.111,1:12.839
507,42,20,2,10,7,1:12.711,1:12.644,1:13.513
513,42,18,11,7,13,1:13.306,1:12.998,NULL
514,42,3,3,16,14,1:13.128,1:13.060,NULL
524,43,1,1,2,2,1:14.805,1:14.795,1:15.104
525,43,8,6,6,3,1:14.872,1:14.828,1:15.257
531,43,3,3,16,9,1:16.092,1:15.331,1:16.328
532,43,4,1,1,10,1:15.322,1:15.084,NULL
534,43,18,11,7,12,1:16.113,1:15.584,NULL
545,44,1,1,2,1,1:19.885,1:19.400,1:19.997
546,44,8,6,6,2,1:19.753,1:19.252,1:20.099
547,44,4,1,1,3,1:19.330,1:19.152,1:20.147
561,44,3,3,16,17,1:21.219,0:00.0,NULL
562,44,18,11,7,18,1:21.335,0:00.0,NULL
567,45,8,6,6,1,1:31.522,1:31.237,1:31.450
568,45,4,1,1,2,1:31.074,1:30.983,1:31.741
576,45,1,1,2,10,1:31.587,1:31.185,1:33.833
577,45,3,3,16,11,1:32.117,1:31.978,NULL
583,45,18,11,7,17,1:32.983,0:00.0,NULL
589,46,4,1,1,1,1:20.425,1:19.661,1:19.674
590,46,1,1,2,2,1:19.570,1:19.301,1:19.781
592,46,8,6,6,4,1:20.435,1:20.107,1:20.410
593,46,3,3,16,5,1:20.547,1:20.188,1:20.632
605,46,18,11,7,17,1:21.737,0:00.0,NULL
608,46,20,5,19,20,1:22.177,0:00.0,NULL
612,47,1,1,2,2,1:27.513,1:26.936,1:27.373
613,47,8,6,6,3,1:27.294,1:26.902,1:27.546
614,47,4,1,1,4,1:27.328,1:26.841,1:27.574
618,47,3,3,16,8,1:28.275,1:27.750,1:28.501
628,47,20,5,19,18,1:29.408,0:00.0,NULL
631,47,18,11,7,21,1:28.373,1:28.220,NULL
633,48,4,1,1,1,1:21.718,1:21.356,1:21.997
634,48,1,1,2,2,1:21.956,1:21.746,1:22.034
637,48,8,6,6,5,1:22.673,1:22.369,1:23.183
640,48,3,3,16,8,1:23.333,1:22.748,1:24.382
642,48,18,11,7,10,1:23.639,1:23.021,1:25.165
648,48,20,5,19,16,1:23.578,1:23.351,NULL
655,49,8,6,6,1,1:46.242,1:45.070,1:45.994
657,49,4,1,1,3,1:46.058,1:45.442,1:46.091
658,49,1,1,2,4,1:46.437,1:45.132,1:46.406
659,49,3,3,16,5,1:46.950,1:46.469,1:47.334
666,49,18,11,7,12,1:47.474,1:46.955,NULL
670,49,20,5,19,16,1:47.581,0:00.0,NULL
677,50,1,1,2,1,1:25.489,1:24.753,1:25.368
678,50,4,1,1,2,1:25.379,1:24.806,1:25.438
679,50,8,6,6,3,1:25.390,1:24.988,1:25.516
682,50,18,11,7,6,1:26.614,1:25.454,1:26.913
684,50,20,5,19,8,1:26.025,1:25.909,1:26.973
692,50,3,3,16,16,1:26.579,1:25.816,1:26.728
699,51,1,1,2,1,1:35.798,1:35.898,1:35.908
700,51,8,6,6,2,1:35.692,1:35.381,1:36.044
702,51,4,1,1,4,1:35.809,1:35.845,1:36.576
708,51,18,11,7,10,1:37.092,1:36.771,1:39.285
713,51,3,3,16,15,1:37.144,1:37.483,NULL
715,51,20,5,19,17,1:37.006,1:36.891,NULL
722,52,1,1,2,2,1:13.033,1:12.296,1:12.082
723,52,8,6,6,3,1:13.016,1:12.161,1:12.322
724,52,4,1,1,4,1:12.895,1:12.637,1:12.356
730,52,3,3,16,10,1:13.707,1:12.752,1:13.477
733,52,20,5,19,13,1:13.853,1:13.058,NULL
736,52,18,11,7,16,1:14.054,1:13.469,NULL
743,53,30,6,5,1,1:33.310,1:32.025,1:31.431
745,53,18,11,12,3,1:32.603,1:32.025,1:31.549
746,53,4,4,1,4,1:32.433,1:31.215,1:31.702
753,53,35,2,17,11,1:33.882,1:32.456,NULL
754,53,3,3,10,12,1:32.945,1:32.620,NULL
764,53,8,1,3,22,0:00.0,0:00.0,NULL
766,54,18,11,12,2,1:35.023,1:33.527,1:33.986
767,54,3,3,10,3,1:35.105,1:34.563,1:34.626
768,54,30,6,5,4,1:35.810,1:34.574,1:34.668
771,54,8,1,3,7,1:34.667,1:34.351,1:34.983
772,54,4,4,1,8,1:35.514,1:33.997,1:35.747
778,54,35,2,17,14,1:35.391,1:34.752,NULL
787,55,18,11,12,1,1:28.081,1:26.337,1:25.229
789,55,4,4,1,3,1:28.569,1:25.729,1:25.778
790,55,8,1,3,4,1:27.193,1:26.161,1:25.822
795,55,35,2,17,9,1:28.460,1:26.714,1:29.239
797,55,30,6,5,11,1:28.228,1:26.718,NULL
801,55,3,3,10,15,1:28.351,1:29.422,NULL
809,56,30,6,5,1,1:24.598,1:22.579,1:22.795
810,56,18,11,12,2,1:24.480,1:23.749,1:22.988
813,56,4,4,1,5,1:23.536,1:23.743,1:23.709
816,56,8,1,3,8,1:24.259,1:23.190,1:24.158
820,56,35,2,17,12,1:25.081,1:23.887,NULL
821,56,3,3,10,13,1:24.495,1:23.966,NULL
831,57,4,4,1,1,1:31.138,1:30.336,1:29.816
832,57,30,6,5,2,1:31.235,1:30.013,1:30.028
835,57,8,1,3,5,1:31.263,1:30.203,1:30.933
836,57,18,11,12,6,1:31.420,1:30.755,1:30.940
838,57,35,2,17,8,1:31.545,1:30.865,1:31.542
842,57,3,3,10,12,1:32.053,1:31.194,NULL
853,58,4,4,1,1,1:15.816,1:15.124,1:14.648
855,58,30,6,5,3,1:16.049,1:14.637,1:14.970
860,58,18,11,12,8,1:16.054,1:15.150,1:16.008
861,58,8,1,3,9,1:16.613,1:15.422,1:16.015
865,58,3,3,10,13,1:17.213,1:15.804,NULL
866,58,35,2,17,14,1:16.066,1:15.847,NULL
875,59,4,4,1,1,1:14.232,1:13.622,1:13.962
877,59,8,1,3,3,1:13.887,1:13.532,1:14.140
882,59,3,3,10,8,1:14.888,1:13.909,1:16.636
887,59,18,11,12,13,1:15.085,1:14.982,NULL
888,59,35,2,17,14,1:15.316,1:15.052,NULL
896,59,30,6,5,22,0:00.0,0:00.0,NULL
897,60,4,4,1,1,1:21.018,1:20.271,1:20.253
898,60,8,1,3,2,1:21.648,1:20.497,1:20.397
899,60,30,6,5,3,1:22.096,1:20.659,1:20.574
906,60,35,2,17,10,1:21.637,1:20.672,1:21.599
908,60,3,3,10,12,1:23.083,1:21.567,NULL
915,60,18,11,12,19,1:23.247,0:00.0,NULL
919,61,4,4,1,1,1:15.350,1:14.726,1:14.942
921,61,8,1,3,3,1:15.376,1:15.273,1:15.386
923,61,30,6,5,5,1:15.716,1:15.139,1:15.986
924,61,3,3,10,6,1:16.404,1:15.269,1:16.012
926,61,18,11,12,8,1:16.594,1:15.814,1:16.608
929,61,35,2,17,11,1:16.493,1:15.832,NULL
941,62,30,6,5,1,1:11.588,1:10.636,1:10.832
945,62,4,4,1,5,1:12.416,1:11.877,1:12.449
946,62,35,2,17,6,1:12.114,1:11.724,1:12.479
947,62,18,11,12,7,1:12.238,1:11.865,1:12.523
949,62,8,1,3,9,1:12.777,1:12.135,1:13.174
959,62,3,3,10,19,1:13.506,0:00.0,NULL
963,63,30,6,5,1,1:15.865,1:15.111,1:15.493
965,63,4,4,1,3,1:16.328,1:15.706,1:15.785
968,63,8,1,3,6,1:16.154,1:15.742,1:16.281
971,63,3,3,10,9,1:16.534,1:15.926,1:18.272
980,63,35,2,17,18,1:17.304,0:00.0,NULL
981,63,18,11,12,19,1:17.495,0:00.0,NULL
985,64,8,1,3,1,1:15.214,1:14.410,1:14.070
986,64,30,6,5,2,1:14.904,1:13.778,1:14.205
988,64,18,11,12,4,1:15.869,1:14.378,1:14.862
991,64,4,4,1,7,1:15.518,1:14.746,1:15.282
998,64,35,2,17,14,1:16.281,1:15.329,NULL
999,64,3,3,10,15,1:16.183,1:15.380,NULL
1007,65,8,1,3,1,1:20.080,1:19.704,1:19.599
1010,65,18,11,12,4,1:20.820,1:19.943,1:20.092
1018,65,30,6,5,12,1:21.440,1:20.875,NULL
1021,65,4,4,1,15,1:21.792,1:21.364,NULL
1024,65,3,3,10,18,1:22.084,0:00.0,NULL
1030,66,30,6,5,2,1:27.385,1:25.850,1:27.284
1031,66,4,4,1,3,1:27.861,1:26.917,1:27.321
1035,66,18,11,12,7,1:28.222,1:26.872,1:27.790
1036,66,8,1,3,8,1:28.236,1:27.202,1:27.866
1043,66,3,3,10,15,1:28.889,1:28.386,NULL
1051,67,8,1,3,1,1:21.994,1:21.349,1:21.484
1052,67,30,6,5,2,1:21.711,1:21.353,1:21.486
1055,67,18,11,12,5,1:22.512,1:21.572,1:22.011
1060,67,4,4,1,10,1:21.747,1:21.526,1:25.688
1062,67,3,3,10,12,1:22.581,1:22.203,NULL
1073,68,4,4,1,1,1:44.128,1:43.951,1:44.360
1076,68,18,11,12,4,1:45.809,1:44.662,1:45.503
1077,68,8,1,3,5,1:44.909,1:45.622,1:45.754
1078,68,30,6,5,6,1:47.366,1:45.660,1:45.775
1087,68,3,3,10,15,1:47.535,1:47.419,NULL
1096,69,30,6,5,2,1:31.279,1:28.954,1:29.711
1099,69,4,4,1,5,1:30.976,1:30.357,1:30.371
1101,69,18,11,12,7,1:30.847,1:30.268,1:30.992
1104,69,3,3,10,10,1:30.585,1:30.321,1:31.856
1105,69,8,1,3,11,1:32.080,1:30.827,NULL
1118,70,8,1,3,2,1:12.035,1:11.386,1:11.299
1120,70,4,4,1,4,1:11.791,1:11.148,1:11.567
1126,70,30,6,5,10,1:11.565,1:10.313,NULL
1129,70,3,3,10,13,1:11.974,1:11.679,NULL
1130,70,18,11,12,14,1:12.085,1:11.742,NULL
1140,77,8,1,9,2,1:30.197,0:00.0,NULL
1144,77,4,4,5,6,1:31.056,0:00.0,NULL
1148,77,30,6,1,10,1:31.585,0:00.0,NULL
1151,77,18,16,3,13,1:32.594,0:00.0,NULL
1153,77,35,15,11,15,1:32.891,0:00.0,NULL
1159,78,18,16,3,1,1:15.217,0:00.0,NULL
1160,78,30,6,1,2,1:15.475,0:00.0,NULL
1161,78,4,4,5,3,1:15.561,0:00.0,NULL
1165,78,8,1,9,7,1:15.923,0:00.0,NULL
1166,78,35,15,11,8,1:16.116,0:00.0,NULL
1180,79,8,1,9,2,1:10.694,0:00.0,NULL
1181,79,18,16,3,3,1:11.277,0:00.0,NULL
1183,79,30,6,1,5,1:11.369,0:00.0,NULL
1184,79,4,4,5,6,1:11.380,0:00.0,NULL
1190,79,35,15,11,12,1:11.691,0:00.0,NULL
1199,80,4,4,5,1,1:14.412,0:00.0,NULL
1201,80,8,1,9,3,1:14.559,0:00.0,NULL
1202,80,30,6,1,4,1:14.572,0:00.0,NULL
1206,80,18,16,3,8,1:15.051,0:00.0,NULL
1209,80,35,15,11,11,1:15.699,0:00.0,NULL
1219,81,4,4,5,1,1:19.905,0:00.0,NULL
1220,81,8,1,9,2,1:19.932,0:00.0,NULL
1221,81,18,16,3,3,1:20.207,0:00.0,NULL
1228,81,30,6,1,10,1:21.275,0:00.0,NULL
1229,81,35,15,11,11,1:21.352,0:00.0,NULL
1239,82,8,1,9,1,1:14.320,0:00.0,NULL
1240,82,18,16,3,2,1:14.759,0:00.0,NULL
1241,82,4,4,5,3,1:14.904,0:00.0,NULL
1243,82,30,6,1,5,1:15.006,0:00.0,NULL
1252,82,35,15,11,14,1:16.012,0:00.0,NULL
1259,83,30,6,1,1,1:19.882,0:00.0,NULL
1262,83,8,1,9,4,1:20.891,0:00.0,NULL
1264,83,4,4,5,6,1:21.141,0:00.0,NULL
1266,83,18,16,3,8,1:21.302,0:00.0,NULL
1273,83,35,15,11,15,1:22.866,0:00.0,NULL
1279,84,8,1,9,1,1:26.797,0:00.0,NULL
1281,84,4,4,5,3,1:27.050,0:00.0,NULL
1291,84,18,16,3,13,1:30.063,0:00.0,NULL
1296,84,35,15,11,18,0:00.0,0:00.0,NULL
1298,84,30,6,1,20,0:00.0,0:00.0,NULL
1299,85,8,1,9,1,1:20.878,0:00.0,NULL
1301,85,4,4,5,3,1:21.319,0:00.0,NULL
1302,85,18,16,3,4,1:21.369,0:00.0,NULL
1305,85,30,6,1,7,1:21.721,0:00.0,NULL
1310,85,35,15,11,12,1:22.356,0:00.0,NULL
1320,86,8,1,9,2,1:46.440,0:00.0,NULL
1323,86,4,4,5,5,1:46.760,0:00.0,NULL
1325,86,30,6,1,7,1:47.476,0:00.0,NULL
1327,86,18,16,3,9,1:47.978,0:00.0,NULL
1332,86,35,15,11,14,1:48.889,0:00.0,NULL
1339,87,4,4,5,1,1:11.988,0:00.0,NULL
1342,87,18,16,3,4,1:12.696,0:00.0,NULL
1343,87,8,1,9,5,1:12.781,0:00.0,NULL
1345,87,30,6,1,7,1:12.976,0:00.0,NULL
1350,87,35,15,11,12,1:13.372,0:00.0,NULL
1360,88,18,16,3,2,1:46.141,0:00.0,NULL
1366,88,35,15,11,8,1:47.440,0:00.0,NULL
1372,88,30,6,1,14,1:52.676,0:00.0,NULL
1374,88,4,4,5,16,1:54.667,0:00.0,NULL
1375,88,8,1,9,17,2:02.309,0:00.0,NULL
1379,89,4,4,5,1,1:34.080,0:00.0,NULL
1381,89,8,1,9,3,1:34.488,0:00.0,NULL
1382,89,18,16,3,4,1:34.801,0:00.0,NULL
1384,89,30,6,1,6,1:35.301,0:00.0,NULL
1394,89,35,15,11,16,1:36.788,0:00.0,NULL
1401,104,30,6,1,3,1:20.637,0:00.0,NULL
1402,104,4,4,8,4,1:20.645,0:00.0,NULL
1404,104,18,16,9,6,1:20.786,0:00.0,NULL
1405,104,8,1,6,7,1:20.877,0:00.0,NULL
1419,109,4,4,8,1,1:37.044,0:00.0,NULL
1421,109,30,6,1,3,1:37.393,0:00.0,NULL
1425,109,8,1,6,7,1:37.858,0:00.0,NULL
1427,109,18,16,17,9,1:38.073,0:00.0,NULL
1430,109,35,16,16,12,1:38.289,0:00.0,NULL
1439,125,30,6,1,1,1:35.266,0:00.0,NULL
1443,125,8,1,4,5,1:36.468,0:00.0,NULL
1446,125,18,4,15,8,1:37.245,0:00.0,NULL
1451,125,35,16,11,13,1:38.039,0:00.0,NULL
1461,140,30,6,1,1,1:31.317,0:00.0,NULL
1464,140,8,1,4,4,1:32.197,0:00.0,NULL
1469,140,35,16,11,9,1:33.349,0:00.0,NULL
1470,140,18,4,15,10,1:33.429,0:00.0,NULL
1481,156,30,6,1,1,1:11.708,0:00.0,NULL
1484,156,57,1,3,4,1:12.309,0:00.0,NULL
1490,156,18,22,8,10,1:12.805,0:00.0,NULL
1491,156,8,15,17,11,1:12.881,0:00.0,NULL
1497,156,4,18,21,17,1:13.991,0:00.0,NULL
1498,156,35,16,10,18,1:14.012,0:00.0,NULL
1503,158,57,1,1,1,1:30.556,0:00.0,NULL
1505,158,30,6,3,3,1:31.075,0:00.0,NULL
1510,158,35,16,22,8,1:31.968,0:00.0,NULL
1523,158,18,3,10,21,1:33.828,0:00.0,NULL
1525,160,57,1,1,1,1:24.714,0:00.0,NULL
1526,160,30,6,3,2,1:24.805,0:00.0,NULL
1533,160,35,16,22,9,1:26.124,0:00.0,NULL
1542,160,18,3,10,18,1:27.135,0:00.0,NULL
1549,161,57,1,1,3,1:25.741,0:00.0,NULL
1551,161,30,6,3,5,1:26.161,0:00.0,NULL
1552,161,18,3,10,6,1:26.733,0:00.0,NULL
1556,161,35,16,22,10,1:27.025,0:00.0,NULL
1569,173,30,6,3,1,1:35.825,0:00.0,NULL
1570,173,57,1,1,2,1:35.834,0:00.0,NULL
1573,173,18,3,10,5,1:36.628,0:00.0,NULL
1577,173,35,16,22,9,1:37.267,0:00.0,NULL
1591,175,57,1,1,1,1:30.462,0:00.0,NULL
1593,175,30,6,3,3,1:31.781,0:00.0,NULL
1599,175,71,17,7,9,1:32.695,0:00.0,NULL
1601,175,35,16,22,11,1:32.888,0:00.0,NULL
1613,176,57,1,1,1,1:16.568,0:00.0,NULL
1616,176,30,6,3,4,1:17.578,0:00.0,NULL
1619,176,71,17,7,7,1:17.884,0:00.0,NULL
1633,176,35,16,22,21,0:00.0,0:00.0,NULL
1634,177,57,1,1,1,1:26.362,0:00.0,NULL
1636,177,30,6,3,3,1:26.538,0:00.0,NULL
1638,177,35,16,22,5,1:27.313,0:00.0,NULL
1641,177,71,17,7,8,1:27.708,0:00.0,NULL
1656,191,57,1,8,1,1:30.010,0:00.0,NULL
1658,191,30,6,3,3,1:30.767,0:00.0,NULL
1659,191,35,3,1,4,1:30.919,0:00.0,NULL
1665,191,71,17,9,10,1:32.399,0:00.0,NULL
1678,192,57,1,8,1,1:17.092,0:00.0,NULL
1681,192,30,6,3,4,1:18.250,0:00.0,NULL
1687,192,35,3,1,10,1:18.761,0:00.0,NULL
1688,192,71,17,9,11,1:18.988,0:00.0,NULL
1701,193,30,6,3,2,1:26.251,0:00.0,NULL
1702,193,57,1,8,3,1:26.632,0:00.0,NULL
1706,193,35,3,1,7,1:26.941,0:00.0,NULL
1708,193,71,17,9,9,1:27.483,0:00.0,NULL
1722,199,57,1,8,1,1:23.271,0:00.0,NULL
1723,199,30,6,3,2,1:23.720,0:00.0,NULL
1724,199,35,3,1,3,1:24.102,0:00.0,NULL
1728,199,71,17,9,7,1:24.542,0:00.0,NULL
1746,200,57,1,8,3,1:30.517,0:00.0,NULL
1747,200,30,6,3,4,1:30.551,0:00.0,NULL
1754,200,35,3,1,11,1:32.083,0:00.0,NULL
1758,200,71,17,9,15,1:32.718,0:00.0,NULL
1766,201,57,1,8,1,1:41.838,0:00.0,NULL
1768,201,35,3,1,3,1:42.365,0:00.0,NULL
1770,201,71,17,9,5,1:43.183,0:00.0,NULL
1774,201,30,6,3,9,1:43.459,0:00.0,NULL
1787,203,57,1,8,1,1:48.682,0:00.0,NULL
1789,203,71,17,9,3,1:49.728,0:00.0,NULL
1790,203,30,6,3,4,1:50.027,0:00.0,NULL
1792,203,35,3,1,6,1:50.204,0:00.0,NULL
1809,207,35,3,3,1,1:29.369,0:00.0,NULL
1811,207,30,6,5,3,1:31.472,0:00.0,NULL
1814,207,57,1,9,6,1:31.971,0:00.0,NULL
1828,207,71,21,1,20,1:34.806,0:00.0,NULL
1831,208,35,3,3,1,1:16.004,0:00.0,NULL
1832,208,30,6,5,2,1:16.594,0:00.0,NULL
1834,208,57,1,9,4,1:16.692,0:00.0,NULL
1839,208,71,21,1,9,1:17.090,0:00.0,NULL
1853,209,35,3,3,1,1:24.473,0:00.0,NULL
1856,209,30,6,5,4,1:25.773,0:00.0,NULL
1865,209,71,21,1,13,1:27.281,0:00.0,NULL
1869,209,57,1,9,17,1:28.135,0:00.0,NULL
1875,210,35,3,3,1,1:23.303,0:00.0,NULL
1877,210,30,6,5,3,1:23.955,0:00.0,NULL
1882,210,57,1,9,8,1:24.812,0:00.0,NULL
1889,210,71,21,1,15,1:25.743,0:00.0,NULL
1898,211,30,6,5,2,1:18.235,0:00.0,NULL
1899,211,35,3,3,3,1:18.583,0:00.0,NULL
1904,211,57,1,9,8,1:19.119,0:00.0,NULL
1909,211,71,21,1,13,1:19.674,0:00.0,NULL
1919,212,35,3,3,1,1:16.525,0:00.0,NULL
1923,212,57,1,10,5,1:17.737,0:00.0,NULL
1925,212,30,6,5,7,1:18.313,0:00.0,NULL
1933,212,71,21,1,15,1:20.089,0:00.0,NULL
1941,213,30,6,5,1,1:18.095,0:00.0,NULL
1942,213,35,3,3,2,1:18.108,0:00.0,NULL
1949,213,57,1,9,9,1:18.916,0:00.0,NULL
1955,213,71,21,1,15,1:20.129,0:00.0,NULL
1963,214,30,6,5,1,1:14.548,0:00.0,NULL
1966,214,35,3,3,4,1:14.800,0:00.0,NULL
1972,214,57,1,9,10,1:15.339,0:00.0,NULL
1979,214,71,21,1,17,1:16.729,0:00.0,NULL
1985,215,35,3,3,1,1:21.598,0:00.0,NULL
1987,215,57,1,9,3,1:21.797,0:00.0,NULL
1988,215,30,6,5,4,1:21.977,0:00.0,NULL
1996,215,71,21,1,12,1:23.271,0:00.0,NULL
2009,216,57,1,9,3,1:42.034,0:00.0,NULL
2010,216,30,6,5,4,1:42.181,0:00.0,NULL
2015,216,35,3,3,9,1:42.967,0:00.0,NULL
2019,216,71,21,1,13,1:43.361,0:00.0,NULL
2029,224,35,3,6,1,1:32.371,0:00.0,NULL
2030,224,71,3,5,2,1:32.509,0:00.0,NULL
2032,224,30,6,1,4,1:33.125,0:00.0,NULL
2033,224,57,1,7,5,1:34.054,0:00.0,NULL
2049,225,71,3,5,1,1:18.111,0:00.0,NULL
2051,225,35,3,6,3,1:19.254,0:00.0,NULL
2052,225,30,6,1,4,1:19.474,0:00.0,NULL
2055,225,57,1,7,7,1:19.607,0:00.0,NULL
2071,226,71,3,5,1,1:30.346,0:00.0,NULL
2072,226,30,6,1,2,1:30.598,0:00.0,NULL
2073,226,35,3,6,3,1:30.907,0:00.0,NULL
2078,226,57,1,7,8,1:31.801,0:00.0,NULL
2093,227,71,3,5,1,1:18.941,0:00.0,NULL
2094,227,35,3,6,2,1:19.721,0:00.0,NULL
2095,227,30,6,1,3,1:20.149,0:00.0,NULL
2101,227,57,1,7,9,1:21.078,0:00.0,NULL
2113,228,30,6,1,1,1:26.890,0:00.0,NULL
2114,228,71,3,5,2,1:27.105,0:00.0,NULL
2115,228,35,3,6,3,1:27.220,0:00.0,NULL
2123,228,57,1,7,11,1:29.079,0:00.0,NULL
2134,229,30,6,1,1,1:20.356,0:00.0,NULL
2135,229,71,3,5,2,1:20.866,0:00.0,NULL
2141,229,57,1,7,8,1:21.688,0:00.0,NULL
2143,229,35,3,6,10,1:21.963,0:00.0,NULL
2156,230,71,3,5,1,1:20.650,0:00.0,NULL
2157,230,35,3,6,2,1:21.084,0:00.0,NULL
2158,230,30,6,1,3,1:21.587,0:00.0,NULL
2165,230,57,1,7,10,1:23.070,0:00.0,NULL
2176,240,71,3,5,1,1:20.081,0:00.0,NULL
2177,240,30,22,1,2,1:20.382,0:00.0,NULL
2182,240,57,1,8,7,1:21.399,0:00.0,NULL
2203,241,71,3,5,2,1:54.057,0:00.0,NULL
2204,241,30,22,1,3,1:54.272,0:00.0,NULL
2206,241,57,1,8,5,1:54.529,0:00.0,NULL
2228,242,30,22,1,1,1:27.274,0:00.0,NULL
2231,242,71,3,5,4,1:27.512,0:00.0,NULL
2233,242,57,1,8,6,1:28.343,0:00.0,NULL
2236,242,95,1,7,9,1:29.517,0:00.0,NULL
2254,243,30,22,1,1,1:21.452,0:00.0,NULL
2258,243,71,3,5,5,1:22.349,0:00.0,NULL
2262,243,57,1,8,9,1:23.833,0:00.0,NULL
2263,243,95,1,7,10,1:23.927,0:00.0,NULL
2280,244,71,3,5,1,1:21.952,0:00.0,NULL
2281,244,30,22,1,2,1:22.742,0:00.0,NULL
2285,244,57,1,8,6,1:23.857,0:00.0,NULL
2306,245,30,22,1,1,1:27.661,0:00.0,NULL
2307,245,71,3,5,2,1:28.039,0:00.0,NULL
2312,245,57,1,8,7,1:28.910,0:00.0,NULL
2330,246,71,3,5,1,1:17.225,0:00.0,NULL
2331,246,30,22,1,2,1:17.512,0:00.0,NULL
2337,246,57,1,8,8,1:19.238,0:00.0,NULL
2354,247,71,3,5,1,1:28.124,0:00.0,NULL
2355,247,30,22,1,2,1:28.397,0:00.0,NULL
2361,247,57,1,8,8,1:30.140,0:00.0,NULL
2378,248,71,3,5,1,1:44.385,0:00.0,NULL
2379,248,30,22,1,2,1:44.465,0:00.0,NULL
2384,248,57,1,8,7,1:45.849,0:00.0,NULL
2402,249,71,3,5,1,1:16.982,0:00.0,NULL
2404,249,30,22,1,3,1:17.558,0:00.0,NULL
2406,249,57,1,8,5,1:18.363,0:00.0,NULL
2428,250,57,1,8,3,1:55.435,0:00.0,NULL
2433,250,71,3,5,8,1:57.768,0:00.0,NULL
2441,250,30,22,1,16,1:59.079,0:00.0,NULL
2451,251,30,22,1,2,1:25.026,0:00.0,NULL
2453,251,71,3,5,4,1:25.699,0:00.0,NULL
2456,251,57,1,8,7,1:25.920,0:00.0,NULL
2475,252,71,3,5,2,1:20.905,0:00.0,NULL
2476,252,30,22,1,3,1:21.301,0:00.0,NULL
2486,252,57,1,8,13,1:23.064,0:00.0,NULL
2499,253,71,3,5,2,1:18.972,0:00.0,NULL
2500,253,30,22,1,3,1:19.150,0:00.0,NULL
2506,253,57,1,8,9,1:20.866,0:00.0,NULL
2523,254,71,3,5,2,1:14.213,0:00.0,NULL
2524,254,30,22,1,3,1:14.284,0:00.0,NULL
2546,255,30,22,1,1,1:38.023,0:00.0,NULL
2548,255,57,1,8,3,1:38.954,0:00.0,NULL
2549,255,71,3,5,4,1:39.032,0:00.0,NULL
2570,256,71,3,5,1,0:00.0,0:00.0,NULL
2572,256,30,22,1,3,0:00.0,0:00.0,NULL
2593,256,57,1,8,24,0:00.0,0:00.0,NULL
2594,257,102,3,2,1,1:15.962,0:00.0,NULL
2595,257,30,22,5,2,1:16.290,0:00.0,NULL
2597,257,71,3,0,4,1:17.554,0:00.0,NULL
2601,257,57,1,7,8,1:18.122,0:00.0,NULL
2620,258,102,3,2,1,1:10.218,0:00.0,NULL
2621,258,30,22,5,2,1:10.440,0:00.0,NULL
2622,258,71,3,0,3,1:10.771,0:00.0,NULL
2623,258,57,1,7,4,1:11.683,0:00.0,NULL
2646,259,102,3,2,1,1:21.548,0:00.0,NULL
2647,259,30,22,5,2,1:21.885,0:00.0,NULL
2649,259,71,3,0,4,1:22.168,0:00.0,NULL
2653,259,57,1,7,8,1:23.140,0:00.0,NULL
2674,261,30,22,5,1,1:21.908,0:00.0,NULL
2675,261,71,3,0,2,1:22.559,0:00.0,NULL
2676,261,57,1,7,3,1:22.660,0:00.0,NULL
2700,262,30,22,5,1,1:26.178,0:00.0,NULL
2703,262,71,3,0,4,1:27.094,0:00.0,NULL
2706,262,57,1,7,7,1:27.616,0:00.0,NULL
2726,263,71,3,0,1,1:16.282,0:00.0,NULL
2727,263,95,3,2,2,1:16.359,0:00.0,NULL
2728,263,30,22,5,3,1:16.707,0:00.0,NULL
2734,263,57,1,7,9,1:17.768,0:00.0,NULL
2752,264,71,3,0,1,1:24.960,0:00.0,NULL
2753,264,30,22,5,2,1:24.963,0:00.0,NULL
2756,264,57,1,7,5,1:26.268,0:00.0,NULL
2780,265,71,3,0,3,1:44.026,0:00.0,NULL
2781,265,30,22,5,4,1:44.268,0:00.0,NULL
2785,265,57,1,7,8,1:45.487,0:00.0,NULL
2804,266,30,22,5,1,1:18.258,0:00.0,NULL
2805,266,71,3,0,2,1:18.824,0:00.0,NULL
2831,267,30,22,5,2,2:21.494,0:00.0,NULL
2832,267,71,3,0,3,2:21.681,0:00.0,NULL
2837,267,57,1,7,8,2:22.441,0:00.0,NULL
2858,268,71,3,0,3,1:24.158,0:00.0,NULL
2862,268,57,1,7,7,1:25.528,0:00.0,NULL
2883,269,71,3,0,2,1:20.766,0:00.0,NULL
2885,269,57,1,7,4,1:21.251,0:00.0,NULL
2908,270,30,22,5,1,1:22.762,0:00.0,NULL
2909,270,71,3,0,2,1:22.892,0:00.0,NULL
2910,270,95,3,2,3,1:23.392,0:00.0,NULL
2916,270,57,1,7,9,1:24.122,0:00.0,NULL
2934,271,30,22,5,1,1:37.209,0:00.0,NULL
2935,271,71,3,0,2,1:37.696,0:00.0,NULL
2937,271,95,3,2,4,1:37.768,0:00.0,NULL
2941,271,57,1,7,8,1:37.998,0:00.0,NULL
2960,272,95,3,2,1,1:16.179,0:00.0,NULL
2961,272,30,22,5,2,1:16.197,0:00.0,NULL
2962,272,71,3,0,3,1:16.830,0:00.0,NULL
2963,272,57,1,7,4,1:16.992,0:00.0,NULL
2986,1,18,23,22,1,1:25.211,1:24.855,1:26.202
2988,1,20,9,15,3,1:25.938,1:25.121,1:26.830
2990,1,3,3,16,5,1:25.846,1:25.123,1:26.973
2994,1,8,6,4,9,1:25.899,1:25.380,1:27.163
2997,1,4,4,7,12,1:26.026,1:25.605,NULL
3000,1,1,1,1,15,1:26.454,0:00.0,NULL
3006,2,18,23,22,1,1:35.058,1:33.784,1:35.181
3008,2,20,9,15,3,1:34.935,1:34.276,1:35.518
3011,2,3,3,16,6,1:35.083,1:34.547,1:35.750
3014,2,8,6,4,9,1:35.476,1:34.456,1:36.170
3015,2,4,4,7,10,1:35.260,1:34.706,1:37.659
3018,2,1,1,1,13,1:35.280,1:34.905,NULL
3026,3,20,9,15,1,1:36.565,1:35.130,1:36.184
3027,3,4,4,7,2,1:36.443,1:35.803,1:36.381
3030,3,18,23,22,5,1:35.533,1:35.556,1:36.532
3032,3,3,3,16,7,1:35.941,1:35.809,1:37.397
3033,3,8,6,4,8,1:36.137,1:35.856,1:38.089
3034,3,1,1,1,9,1:35.776,1:35.740,1:38.595
3048,4,20,9,15,3,1:32.680,1:32.474,1:34.015
3049,4,18,23,22,4,1:32.978,1:32.842,1:34.044
3050,4,1,1,1,5,1:32.851,1:32.877,1:34.196
3052,4,4,4,7,7,1:33.627,1:32.860,1:34.578
3054,4,3,3,16,9,1:33.672,1:33.166,1:35.134
3055,4,8,6,4,10,1:33.117,1:32.827,1:35.380
3066,5,18,23,22,1,1:20.707,1:20.192,1:20.527
3067,5,20,9,15,2,1:20.715,1:20.220,1:20.660
3073,5,4,4,7,8,1:21.186,1:20.509,1:21.392
3074,5,3,3,16,9,1:20.745,1:20.256,1:22.558
3079,5,1,1,1,14,1:20.991,1:20.805,NULL
3081,5,8,6,4,16,1:21.291,0:00.0,NULL
3086,6,18,23,22,1,1:15.210,1:15.016,1:14.902
3087,6,8,6,4,2,1:15.746,1:14.514,1:14.927
3089,6,20,9,15,4,1:15.915,1:14.879,1:15.271
3091,6,3,3,16,6,1:15.094,1:14.846,1:15.455
3094,6,4,4,7,9,1:15.898,1:15.200,1:16.009
3101,6,1,1,1,16,1:16.264,0:00.0,NULL
3106,7,20,9,15,1,1:27.330,1:27.016,1:28.316
3107,7,18,23,22,2,1:27.355,1:27.230,1:28.421
3111,7,8,6,4,6,1:27.556,1:27.387,1:28.815
3113,7,4,4,7,8,1:27.988,1:27.473,1:29.075
3114,7,3,3,16,9,1:27.517,1:27.418,1:29.191
3121,7,1,1,1,16,1:28.318,0:00.0,NULL
3126,8,20,9,15,1,1:18.685,1:18.119,1:19.509
3131,8,18,23,22,6,1:18.957,1:18.663,1:20.289
3132,8,3,3,16,7,1:19.228,1:18.591,1:20.361
3134,8,8,6,4,9,1:19.010,1:18.566,1:20.715
3135,8,4,4,7,10,1:19.167,1:18.761,1:20.741
3144,8,1,1,1,19,1:19.917,0:00.0,NULL
3148,9,18,23,22,3,1:31.568,1:39.032,1:32.473
3149,9,20,9,15,4,1:31.430,1:39.504,1:32.480
3150,9,1,1,1,5,1:31.473,1:39.149,1:32.616
3154,9,8,6,4,9,1:31.869,1:41.730,1:34.710
3157,9,4,4,7,12,1:31.302,1:42.318,NULL
3160,9,3,3,16,15,1:31.598,1:42.859,NULL
3166,10,4,4,7,1,1:21.313,1:20.826,1:21.569
3167,10,20,9,15,2,1:21.178,1:20.604,1:21.607
3169,10,1,1,1,4,1:20.842,1:20.465,1:21.839
3170,10,3,3,16,5,1:20.793,1:20.862,1:21.890
3172,10,8,6,4,7,1:21.500,1:20.647,1:22.468
3173,10,18,23,22,8,1:21.471,1:20.707,1:22.511
3186,11,1,1,1,1,1:38.649,1:38.182,1:39.489
3189,11,20,9,15,4,1:39.295,1:38.273,1:39.789
3190,11,18,23,22,5,1:38.531,1:38.601,1:39.821
3191,11,8,6,4,6,1:38.843,1:38.782,1:40.144
3192,11,3,3,16,7,1:39.039,1:38.346,1:40.185
3193,11,4,4,7,8,1:39.155,1:38.717,1:40.236
3211,12,8,6,4,6,1:45.579,1:44.953,1:46.633
3213,12,20,9,15,8,1:45.372,1:44.592,1:46.761
3215,12,3,3,16,10,1:45.486,1:45.047,1:47.362
3217,12,1,1,1,12,1:45.767,1:45.122,NULL
3218,12,4,4,7,13,1:45.707,1:45.136,NULL
3219,12,18,23,22,14,1:45.761,1:45.251,NULL
3226,13,1,1,1,1,1:23.375,1:22.973,1:24.066
3228,13,8,6,4,3,1:23.349,1:23.426,1:24.523
3231,13,18,23,22,6,1:23.403,1:22.955,1:25.030
3233,13,4,4,7,8,1:23.708,1:23.497,1:25.072
3234,13,20,9,15,9,1:23.558,1:23.545,1:25.180
3243,13,3,3,16,18,1:24.121,0:00.0,NULL
3246,14,1,1,1,1,1:46.977,1:46.657,1:47.891
3247,14,20,9,15,2,1:47.541,1:46.362,1:48.204
3248,14,3,3,16,3,1:47.390,1:46.197,1:48.348
3251,14,4,4,7,6,1:47.757,1:46.767,1:49.054
3257,14,18,23,22,12,1:47.180,1:47.141,NULL
3258,14,8,6,4,13,1:47.293,1:47.177,NULL
3266,15,20,9,15,1,1:30.883,1:30.341,1:32.160
3268,15,1,1,1,3,1:30.917,1:30.627,1:32.395
3272,15,18,23,22,7,1:31.041,1:30.880,1:32.962
3273,15,8,6,4,8,1:31.288,1:31.052,1:32.980
3276,15,3,3,16,11,1:31.286,1:31.482,NULL
3277,15,4,4,7,12,1:31.401,1:31.638,NULL
3290,16,8,6,4,5,1:23.047,1:21.378,1:20.168
3292,16,3,3,16,7,1:22.828,1:20.368,1:20.326
3295,16,4,4,7,10,1:24.842,1:21.657,1:21.422
3299,16,18,23,22,14,1:24.297,1:22.504,NULL
3301,16,20,9,15,16,1:25.009,0:00.0,NULL
3303,16,1,1,1,18,1:25.192,0:00.0,NULL
3306,17,1,1,1,1,1:39.873,1:39.695,1:40.948
3307,17,20,9,15,2,1:40.666,1:39.984,1:41.615
3310,17,18,23,22,5,1:40.378,1:40.148,1:41.892
3314,17,3,3,16,9,1:40.842,1:40.661,1:42.583
3316,17,8,6,4,11,1:41.100,1:40.726,NULL
3321,17,4,4,7,16,1:41.667,0:00.0,NULL
3326,337,20,9,5,1,1:55.029,1:53.883,1:54.101
3328,337,4,6,8,3,1:54.612,1:54.172,1:54.608
3329,337,1,1,2,4,1:55.341,1:54.707,1:55.217
3330,337,3,131,4,5,1:55.463,1:54.682,1:55.241
3332,337,30,131,3,7,1:55.593,1:55.105,1:55.524
3333,337,18,1,1,8,1:55.715,1:55.168,1:55.672
3350,338,20,9,5,1,1:24.774,1:24.096,1:23.919
3352,338,4,6,8,3,1:25.082,1:24.335,1:24.111
3353,338,18,1,1,4,1:24.897,1:24.531,1:24.675
3355,338,3,131,4,6,1:24.788,1:24.788,1:24.884
3356,338,30,131,3,7,1:25.351,1:24.871,1:24.927
3360,338,1,1,2,11,1:25.046,1:25.184,NULL
3375,339,3,131,4,2,1:52.560,1:47.417,1:50.673
3376,339,20,9,5,3,1:47.632,1:46.828,1:50.789
3381,339,30,131,3,8,1:52.239,1:48.400,1:51.717
3390,339,18,1,1,17,1:52.211,0:00.0,NULL
3392,339,4,6,8,19,1:53.044,0:00.0,NULL
3393,339,1,1,2,20,1:53.050,0:00.0,NULL
3398,340,20,9,5,1,1:36.317,1:35.280,1:34.558
3400,340,4,6,8,3,1:35.987,1:35.235,1:34.913
3401,340,3,131,4,4,1:35.952,1:35.134,1:34.923
3402,340,18,1,1,5,1:36.122,1:35.443,1:34.979
3403,340,1,1,2,6,1:35.641,1:34.928,1:35.034
3406,340,30,131,3,9,1:36.484,1:35.715,1:35.646
3423,341,20,9,5,2,1:21.680,1:20.772,1:20.101
3424,341,1,1,2,3,1:21.723,1:21.415,1:20.829
3425,341,4,6,8,4,1:21.957,1:21.549,1:20.937
3426,341,18,1,1,5,1:21.915,1:21.168,1:20.991
3427,341,30,131,3,6,1:22.528,1:21.557,1:21.294
3429,341,3,131,4,8,1:22.419,1:21.867,1:21.408
3448,342,20,9,5,3,1:15.110,1:14.568,1:14.227
3450,342,1,1,2,5,1:15.676,1:14.527,1:14.432
3451,342,3,131,4,6,1:15.188,1:14.375,1:14.544
3452,342,30,131,3,7,1:15.649,1:14.691,1:14.590
3453,342,18,1,1,8,1:15.623,1:15.150,1:14.637
3469,342,4,6,8,24,0:00.0,0:00.0,NULL
3471,343,1,1,2,2,1:27.667,1:27.013,1:26.433
3472,343,20,9,5,3,1:27.067,1:26.729,1:26.760
3473,343,18,1,1,4,1:27.555,1:27.277,1:26.781
3474,343,30,131,3,5,1:27.756,1:27.438,1:26.857
3475,343,3,131,4,6,1:27.649,1:27.141,1:26.952
3481,343,4,6,8,12,1:27.857,1:27.612,NULL
3494,344,1,1,2,1,1:15.889,1:15.528,1:15.105
3496,344,20,9,5,3,1:16.129,1:15.556,1:15.420
3497,344,4,6,8,4,1:16.171,1:15.597,1:15.435
3498,344,18,1,1,5,1:16.371,1:15.742,1:15.520
3503,344,3,131,4,10,1:16.350,1:16.001,1:16.071
3506,344,30,131,3,13,1:16.598,1:16.492,NULL
3518,345,20,9,5,1,1:38.324,1:38.015,1:37.587
3520,345,1,1,2,3,1:38.697,1:38.158,1:37.969
3521,345,4,6,8,4,1:38.472,1:38.179,1:38.075
3524,345,18,1,1,7,1:38.360,1:38.399,1:38.210
3529,345,3,131,4,12,1:38.752,1:38.627,NULL
3532,345,30,131,3,15,1:38.994,1:39.234,NULL
3542,346,20,9,5,1,1:30.841,1:30.480,1:29.615
3544,346,4,6,8,3,1:30.997,1:30.700,1:30.426
3545,346,1,1,2,4,1:31.297,1:31.118,1:30.556
3546,346,3,131,4,5,1:31.626,1:31.085,1:30.625
3551,346,30,131,3,10,1:32.058,1:31.022,1:31.430
3555,346,18,1,1,14,1:31.435,1:31.699,NULL
3566,347,20,9,5,1,1:15.152,1:14.249,1:13.791
3567,347,4,6,8,2,1:14.808,1:14.081,1:13.793
3570,347,18,1,1,5,1:15.823,1:14.716,1:14.427
3571,347,1,1,2,6,1:15.505,1:14.488,1:14.566
3574,347,3,131,4,9,1:16.178,1:15.018,1:15.179
3576,347,30,131,3,11,1:16.084,1:15.026,NULL
3590,348,20,9,5,1,1:20.417,1:19.573,1:18.773
3592,348,4,6,8,3,1:21.278,1:20.237,1:19.987
3594,348,1,1,2,5,1:21.455,1:20.877,1:20.499
3595,348,3,131,4,6,1:21.212,1:20.811,1:21.082
3600,348,18,1,1,11,1:21.422,1:21.292,NULL
3603,348,30,131,3,14,1:21.840,1:21.630,NULL
3615,349,1,1,2,2,1:56.706,1:46.211,1:45.863
3617,349,20,9,5,4,1:58.487,1:47.245,1:46.127
3618,349,18,1,1,5,1:57.981,1:46.790,1:46.206
3623,349,4,6,8,10,1:57.023,1:47.544,1:47.441
3624,349,30,131,3,11,1:56.313,1:47.874,NULL
3625,349,3,131,4,12,1:54.826,1:47.885,NULL
3638,350,4,6,8,1,1:22.646,1:22.297,1:21.962
3639,350,18,1,1,2,1:23.085,1:22.354,1:22.084
3642,350,1,1,2,5,1:22.830,1:22.394,1:22.623
3643,350,20,9,5,6,1:23.235,1:22.701,1:22.675
3644,350,3,131,4,7,1:23.529,1:23.055,1:23.027
3649,350,30,131,3,12,1:23.840,1:23.388,NULL
3662,351,4,6,8,1,1:46.541,1:45.809,1:45.390
3663,351,20,9,5,2,1:46.960,1:45.561,1:45.457
3664,351,1,1,2,3,1:48.296,1:46.042,1:45.571
3665,351,18,1,1,4,1:48.032,1:46.490,1:45.944
3668,351,3,131,4,7,1:48.554,1:46.783,1:46.443
3670,351,30,131,3,9,1:48.425,1:47.160,1:46.702
3686,352,20,9,5,1,1:32.035,1:31.184,1:30.785
3688,352,1,1,2,3,1:32.809,1:31.523,1:31.169
3690,352,4,6,8,5,1:32.555,1:31.819,1:31.352
3691,352,18,1,1,6,1:32.636,1:31.763,1:31.378
3692,352,3,131,4,7,1:32.238,1:31.886,1:31.494
3695,352,30,131,3,10,1:32.513,1:32.073,1:31.846
3710,353,20,9,5,1,1:37.123,1:36.074,1:35.585
3712,353,4,6,8,3,1:37.144,1:36.287,1:35.766
3713,353,1,1,2,4,1:37.113,1:36.197,1:36.062
3714,353,3,131,4,5,1:37.708,1:36.791,1:36.535
3716,353,18,1,1,7,1:38.123,1:37.064,1:36.731
3718,353,30,131,3,9,1:37.980,1:37.077,1:36.950
3735,354,20,9,5,2,1:19.160,1:18.691,1:15.519
3737,354,1,1,2,4,1:19.931,1:18.921,1:15.747
3738,354,4,6,8,5,1:18.987,1:19.010,1:15.989
3741,354,30,131,3,8,1:19.879,1:18.923,1:16.925
3744,354,18,1,1,11,1:19.905,1:19.288,NULL
3746,354,3,131,4,13,1:20.153,1:19.486,NULL
3758,355,20,9,5,1,1:40.318,1:39.874,1:39.394
3759,355,1,1,2,2,1:40.335,1:40.119,1:39.425
3760,355,4,6,8,3,1:40.170,1:40.311,1:39.792
3761,355,18,1,1,4,1:40.877,1:40.014,1:39.823
3765,355,30,131,3,8,1:41.222,1:40.452,1:40.516
3766,355,3,131,4,9,1:40.231,1:40.060,1:40.589
3782,108,30,6,1,1,1:27.173,0:00.0,NULL
3787,108,35,16,16,6,1:28.420,0:00.0,NULL
3789,108,18,16,17,8,1:28.682,0:00.0,NULL
3791,108,4,4,8,10,1:28.928,0:00.0,NULL
3796,108,8,1,6,15,1:29.470,0:00.0,NULL
3805,110,8,1,6,4,1:13.866,0:00.0,NULL
3808,110,30,6,1,7,1:14.130,0:00.0,NULL
3811,110,4,4,8,10,1:14.384,0:00.0,NULL
3812,110,18,16,17,11,1:14.504,0:00.0,NULL
3814,110,35,16,16,13,1:14.668,0:00.0,NULL
3822,111,30,6,1,1,1:22.327,0:00.0,NULL
3827,111,8,1,6,6,1:23.148,0:00.0,NULL
3828,111,35,16,16,7,1:23.160,0:00.0,NULL
3829,111,4,4,8,8,1:23.169,0:00.0,NULL
3830,111,18,16,17,9,1:23.381,0:00.0,NULL
3842,112,30,6,1,1,1:17.762,0:00.0,NULL
3844,112,4,4,8,3,1:18.233,0:00.0,NULL
3846,112,18,16,17,5,1:18.704,0:00.0,NULL
3852,112,35,16,16,11,1:19.563,0:00.0,NULL
3861,112,8,1,6,20,0:00.0,0:00.0,NULL
3862,113,30,6,1,1,1:09.150,0:00.0,NULL
3863,113,8,1,6,2,1:09.189,0:00.0,NULL
3868,113,18,16,17,7,1:09.935,0:00.0,NULL
3873,113,35,16,16,12,1:10.618,0:00.0,NULL
3880,113,4,4,8,19,1:20.113,0:00.0,NULL
3883,114,8,1,6,2,1:15.295,0:00.0,NULL
3886,114,30,6,1,5,1:15.644,0:00.0,NULL
3889,114,4,4,8,8,1:15.884,0:00.0,NULL
3892,114,35,16,16,11,1:16.755,0:00.0,NULL
3903,115,30,6,1,3,1:16.047,0:00.0,NULL
3904,115,4,4,8,4,1:16.048,0:00.0,NULL
3914,115,35,16,16,14,1:17.347,0:00.0,NULL
3917,115,18,16,17,17,1:18.205,0:00.0,NULL
3920,115,8,1,6,20, ,0:00.0,NULL
3921,116,8,1,6,1,1:31.523,0:00.0,NULL
3922,116,30,6,1,2,1:31.555,0:00.0,NULL
3928,116,4,4,8,8,1:32.424,0:00.0,NULL
3932,116,18,16,17,12,1:33.395,0:00.0,NULL
3937,116,35,16,16,17,1:34.596,0:00.0,NULL
3943,117,30,6,1,3,1:15.480,0:00.0,NULL
3944,117,8,1,6,4,1:15.533,0:00.0,NULL
3947,117,4,4,8,7,1:16.087,0:00.0,NULL
3952,117,35,16,16,12,1:16.990,0:00.0,NULL
3954,117,18,16,17,14,1:17.077,0:00.0,NULL
3963,118,8,1,6,3,1:21.695,0:00.0,NULL
3965,118,30,6,1,5,1:21.867,0:00.0,NULL
3968,118,4,4,8,8,1:22.404,0:00.0,NULL
3969,118,35,16,16,9,1:22.591,0:00.0,NULL
3980,118,18,16,17,20,0:00.0,0:00.0,NULL
3985,119,8,1,6,5,1:15.874,0:00.0,NULL
3986,119,30,6,1,6,1:15.898,0:00.0,NULL
3988,119,4,4,8,8,1:16.483,0:00.0,NULL
3993,119,35,16,16,13,1:17.090,0:00.0,NULL
3997,119,18,16,17,17,1:18.085,0:00.0,NULL
4001,120,4,4,8,1,1:21.688,0:00.0,NULL
4007,120,8,1,6,7,1:22.742,0:00.0,NULL
4008,120,30,6,1,8,1:22.755,0:00.0,NULL
4014,120,18,16,17,14,1:23.847,0:00.0,NULL
4016,120,35,16,16,16,1:24.100,0:00.0,NULL
4021,121,30,6,1,1,1:20.963,0:00.0,NULL
4024,121,8,1,6,4,1:21.466,0:00.0,NULL
4027,121,18,16,17,7,1:22.301,0:00.0,NULL
4030,121,35,16,16,10,1:22.717,0:00.0,NULL
4040,121,4,4,8,20,1:40.405,0:00.0,NULL
4041,122,8,1,6,1,1:11.670,0:00.0,NULL
4046,122,4,4,8,6,1:12.087,0:00.0,NULL
4047,122,30,6,1,7,1:12.194,0:00.0,NULL
4051,122,18,16,17,11,1:12.695,0:00.0,NULL
4052,122,35,16,16,12,1:13.050,0:00.0,NULL
4065,123,4,4,8,5,1:33.044,0:00.0,NULL
4068,123,8,1,6,8,1:33.272,0:00.0,NULL
4069,123,18,16,17,9,1:33.474,0:00.0,NULL
4074,123,30,6,1,14,1:34.302,0:00.0,NULL
4081,90,30,6,1,1,1:24.408,0:00.0,NULL
4084,90,18,16,9,4,1:24.998,0:00.0,NULL
4085,90,4,4,8,5,1:25.699,0:00.0,NULL
4090,90,8,1,6,10,1:26.297,0:00.0,NULL
4101,91,30,6,1,1,1:33.074,0:00.0,NULL
4105,91,8,1,6,5,1:34.164,0:00.0,NULL
4106,91,18,16,9,6,1:34.221,0:00.0,NULL
4119,91,4,4,8,19,0:00.0,0:00.0,NULL
4121,92,30,6,1,1,1:30.139,0:00.0,NULL
4126,92,18,16,9,6,1:30.856,0:00.0,NULL
4137,92,4,4,8,17,1:34.130,0:00.0,NULL
4140,92,8,1,6,20,0:00.0,0:00.0,NULL
4141,93,18,16,9,1,1:19.753,0:00.0,NULL
4142,93,30,6,1,2,1:20.011,0:00.0,NULL
4146,93,4,4,8,6,1:20.895,0:00.0,NULL
4160,93,8,1,6,20,0:00.0,0:00.0,NULL
4161,94,30,6,1,1,1:15.022,0:00.0,NULL
4168,94,4,4,8,8,1:16.422,0:00.0,NULL
4173,94,8,1,6,13,1:17.445,0:00.0,NULL
4174,94,18,16,9,14,1:17.575,0:00.0,NULL
4183,95,18,16,9,3,1:14.396,0:00.0,NULL
4184,95,4,4,8,4,1:14.408,0:00.0,NULL
4185,95,30,6,1,5,1:14.516,0:00.0,NULL
4186,95,8,1,6,6,1:14.592,0:00.0,NULL
4201,96,30,6,1,1,1:28.351,0:00.0,NULL
4204,96,8,1,6,4,1:29.137,0:00.0,NULL
4205,96,18,16,9,5,1:29.245,0:00.0,NULL
4206,96,4,4,8,6,1:29.313,0:00.0,NULL
4222,97,18,16,9,2,1:12.341,0:00.0,NULL
4225,97,4,4,8,5,1:13.308,0:00.0,NULL
4226,97,30,6,1,6,1:13.355,0:00.0,NULL
4228,97,8,1,6,8,1:13.595,0:00.0,NULL
4242,98,30,6,1,2,1:10.400,0:00.0,NULL
4244,98,18,16,9,4,1:10.820,0:00.0,NULL
4247,98,8,1,6,7,1:11.137,0:00.0,NULL
4249,98,4,4,8,9,1:11.185,0:00.0,NULL
4261,99,4,4,8,1,1:13.698,0:00.0,NULL
4262,99,30,6,1,2,1:13.971,0:00.0,NULL
4264,99,18,16,9,4,1:13.995,0:00.0,NULL
4269,99,8,1,6,9,1:14.346,0:00.0,NULL
4281,100,8,1,6,1,1:18.233,0:00.0,NULL
4283,100,18,16,9,3,1:18.580,0:00.0,NULL
4284,100,30,6,1,4,1:18.710,0:00.0,NULL
4286,100,4,4,8,6,1:18.811,0:00.0,NULL
4301,101,30,6,1,1,1:13.306,0:00.0,NULL
4303,101,18,16,9,3,1:13.674,0:00.0,NULL
4304,101,8,1,6,4,1:13.690,0:00.0,NULL
4306,101,4,4,8,6,1:13.874,0:00.0,NULL
4321,102,30,6,1,1,1:19.146,0:00.0,NULL
4324,102,18,16,9,4,1:19.700,0:00.0,NULL
4325,102,4,4,8,5,1:19.996,0:00.0,NULL
4330,102,8,1,6,10,1:20.570,0:00.0,NULL
4342,103,30,6,1,2,1:56.304,0:00.0,NULL
4343,103,4,4,8,3,1:56.686,0:00.0,NULL
4350,103,8,1,6,10,1:59.635,0:00.0,NULL
4352,103,18,16,9,12,2:00.237,0:00.0,NULL
4362,105,8,1,6,2,1:34.178,0:00.0,NULL
4363,105,18,16,9,3,1:34.295,0:00.0,NULL
4366,105,4,4,8,6,1:34.917,0:00.0,NULL
4373,105,35,4,7,13,1:35.384,0:00.0,NULL
4380,105,30,6,1,20,0:00.0,0:00.0,NULL
4381,106,30,6,1,1,1:33.542,0:00.0,NULL
4385,106,18,16,9,5,1:35.157,0:00.0,NULL
4389,106,35,4,7,9,1:36.274,0:00.0,NULL
4391,106,4,4,8,11,1:36.663,0:00.0,NULL
4392,106,8,1,6,12,1:36.820,0:00.0,NULL
4403,107,8,1,6,3,1:10.892,0:00.0,NULL
4405,107,18,16,9,5,1:11.092,0:00.0,NULL
4408,107,30,6,1,8,1:11.386,0:00.0,NULL
4409,107,4,4,8,9,1:11.454,0:00.0,NULL
4414,107,35,4,7,14,1:11.836,0:00.0,NULL
4424,71,35,15,11,4,1:36.984,1:29.862,NULL
4428,71,18,16,3,8,1:41.512,1:30.616,NULL
4430,71,8,1,9,10,1:44.997,1:30.561,NULL
4433,71,4,4,5,13,1:47.708,1:29.758,NULL
4438,71,30,6,1,18,1:57.931,0:00.0,NULL
4441,72,4,4,5,1,1:32.582,1:35.090,NULL
4446,72,8,1,9,6,1:32.839,1:36.644,NULL
4449,72,18,16,3,9,1:33.616,1:36.216,NULL
4453,72,30,6,1,13,1:34.072,1:37.561,NULL
4456,72,35,15,11,16,1:34.887,1:38.108,NULL
4461,73,4,4,5,1,1:29.848,1:32.054,NULL
4462,73,30,6,1,2,1:30.237,1:32.120,NULL
4469,73,8,1,9,9,1:30.594,1:32.930,NULL
4471,73,18,16,3,11,1:30.957,1:33.391,NULL
4476,73,35,15,11,16,1:32.318,1:35.665,NULL
4481,74,8,1,9,1,1:19.886,1:22.994,NULL
4482,74,4,4,5,2,1:19.889,1:23.552,NULL
4483,74,18,16,3,3,1:20.464,1:23.641,NULL
4492,74,35,15,11,12,1:20.999,1:25.260,NULL
4494,74,30,6,1,14,1:20.260,1:26.984,NULL
4501,75,8,1,9,1,1:14.819,1:16.602,NULL
4503,75,4,4,5,3,1:14.811,1:16.880,NULL
4508,75,30,6,1,8,1:15.398,1:18.153,NULL
4512,75,35,15,11,12,1:16.794,1:19.686,NULL
4519,76,8,1,9,1,1:13.644,1:16.681,NULL
4520,76,4,4,5,2,1:14.125,1:16.281,NULL
4526,76,30,6,1,8,1:16.186,1:18.550,NULL
4527,76,35,15,11,9,1:15.921,1:19.015,NULL
4537,841,20,9,1,1,1:25.296,1:24.090,1:23.529
4538,841,1,1,3,2,1:25.384,1:24.595,1:24.307
4540,841,18,1,4,4,1:25.886,1:24.957,1:24.779
4541,841,4,6,5,5,1:25.707,1:25.242,1:24.974
4543,841,3,131,8,7,1:25.856,1:25.606,1:25.421
4547,841,30,131,7,11,1:25.962,1:25.971,NULL
4562,842,20,9,1,1,1:37.468,1:35.934,1:34.870
4563,842,1,1,3,2,1:36.861,1:35.852,1:34.974
4565,842,18,1,4,4,1:37.033,1:35.569,1:35.200
4566,842,4,6,5,5,1:36.897,1:36.320,1:35.802
4570,842,3,131,8,9,1:37.316,1:36.388,1:36.809
4572,842,30,131,7,11,1:36.904,1:37.035,NULL
4586,843,20,9,1,1,1:35.674,1:34.776,1:33.706
4587,843,18,1,4,2,1:35.924,1:34.662,1:34.421
4588,843,1,1,3,3,1:36.091,1:34.486,1:34.463
4589,843,3,131,8,4,1:35.272,1:35.850,1:34.670
4590,843,4,6,5,5,1:35.389,1:35.165,1:35.119
4599,843,30,131,7,14,1:35.508,1:36.457,NULL
4610,844,20,9,1,1,1:27.039,1:25.610,1:25.049
4612,844,3,131,8,3,1:27.514,1:25.801,1:25.574
4613,844,1,1,3,4,1:27.091,1:26.066,1:25.595
4614,844,4,6,5,5,1:27.349,1:26.152,1:25.851
4615,844,18,1,4,6,1:27.374,1:26.485,1:25.982
4617,844,30,131,7,8,1:27.697,1:26.121,1:26.646
4634,845,20,9,1,2,1:24.142,1:21.540,1:21.181
4635,845,1,1,3,3,1:24.370,1:22.148,1:21.961
4636,845,4,6,5,4,1:23.485,1:22.813,1:21.964
4637,845,18,1,4,5,1:24.428,1:22.050,1:21.996
4639,845,3,131,8,7,1:23.507,1:22.569,1:22.599
4642,845,30,131,7,10,1:22.960,1:22.671,NULL
4656,846,20,9,1,1,1:15.606,1:14.277,1:13.556
4657,846,18,1,4,2,1:15.397,1:14.545,1:13.997
4659,846,4,6,5,4,1:16.051,1:14.569,1:14.483
4660,846,30,131,7,5,1:16.092,1:14.981,1:14.682
4662,846,1,1,3,7,1:15.207,1:14.275,1:15.280
4663,846,3,131,8,8,1:15.858,1:14.741,1:15.766
4680,847,20,9,1,1,1:14.011,1:13.486,1:13.014
4681,847,4,6,5,2,1:13.822,1:13.672,1:13.199
4684,847,1,1,3,5,1:14.114,1:13.926,1:13.565
4685,847,3,131,8,6,1:14.920,1:13.950,1:13.814
4686,847,18,1,4,7,1:14.374,1:13.955,1:13.838
4687,847,30,131,7,8,1:14.970,1:14.242,1:13.864
4704,848,20,9,1,1,1:39.116,1:37.305,1:36.975
4706,848,1,1,3,3,1:39.244,1:37.727,1:37.380
4707,848,4,6,5,4,1:39.725,1:37.930,1:37.454
4709,848,18,1,4,6,1:39.453,1:37.749,1:37.645
4710,848,3,131,8,7,1:39.266,1:38.373,1:38.231
4711,848,30,131,7,8,1:39.198,1:38.365,1:38.240
4729,849,20,9,1,2,1:32.977,1:32.379,1:30.431
4730,849,4,6,5,3,1:32.986,1:31.727,1:30.516
4732,849,18,1,4,5,1:34.230,1:32.273,1:31.898
4736,849,3,131,8,9,1:34.186,1:32.295,1:32.209
4737,849,1,1,3,10,1:33.581,1:32.505,1:32.376
4740,849,30,131,7,13,1:34.160,1:32.656,NULL
4753,850,1,1,3,2,1:32.934,1:30.998,1:30.134
4754,850,20,9,1,3,1:32.973,1:31.017,1:30.216
4755,850,4,6,5,4,1:32.916,1:31.150,1:30.442
4757,850,3,131,8,6,1:32.785,1:31.343,1:31.263
4758,850,18,1,4,7,1:33.224,1:31.532,1:31.288
4761,850,30,131,7,10,1:32.603,1:32.180,1:32.482
4776,851,20,9,1,1,1:21.740,1:21.095,1:19.815
4777,851,1,1,3,2,1:21.636,1:21.105,1:19.978
4778,851,18,1,4,3,1:22.038,1:20.578,1:20.024
4780,851,4,6,5,5,1:21.578,1:20.262,1:20.365
4782,851,3,131,8,7,1:22.996,1:21.243,1:21.098
4784,851,30,131,7,9,1:22.876,1:21.852,1:21.907
4800,852,20,9,1,1,2:03.029,2:03.317,1:48.298
4801,852,1,1,3,2,2:03.008,2:02.823,1:48.730
4804,852,3,131,8,5,2:05.091,2:03.723,1:50.552
4807,852,4,6,5,8,2:04.450,2:02.768,1:51.251
4812,852,18,1,4,13,2:01.813,2:05.150,NULL
4823,854,20,9,1,1,1:46.397,1:44.931,1:44.381
4825,854,18,1,4,3,1:46.956,1:45.472,1:44.804
4826,854,1,1,3,4,1:47.014,1:46.829,1:44.809
4827,854,4,6,5,5,1:47.054,1:45.779,1:44.874
4829,854,3,131,8,7,1:47.688,1:46.405,1:46.013
4830,854,30,131,7,8,1:48.819,1:46.043,NULL
4847,855,20,9,1,1,1:33.051,1:31.424,1:30.466
4848,855,18,1,4,2,1:32.947,1:31.434,1:30.475
4849,855,1,1,3,3,1:32.843,1:31.139,1:30.617
4851,855,4,6,5,5,1:32.817,1:31.612,1:30.886
4854,855,30,131,7,7,1:33.748,1:32.116,NULL
4869,855,3,131,8,23,0:00.0,0:00.0,NULL
4871,856,1,1,3,1,1:37.525,1:36.526,1:35.820
4872,856,20,9,1,2,1:39.093,1:37.285,1:36.042
4873,856,18,1,4,3,1:37.929,1:37.302,1:36.126
4876,856,4,6,5,6,1:38.393,1:37.352,1:36.980
4877,856,3,131,8,7,1:38.426,1:37.892,1:37.754
4882,856,30,131,7,12,1:38.502,1:38.354,NULL
4895,857,20,9,1,1,1:26.218,1:24.657,1:24.178
4896,857,1,1,3,2,1:26.563,1:25.019,1:24.474
4898,857,4,6,5,4,1:26.774,1:25.158,1:24.519
4899,857,18,1,4,5,1:26.225,1:25.299,1:24.950
4901,857,3,131,8,7,1:26.364,1:25.555,1:25.451
4906,857,30,131,7,12,1:26.790,1:26.337,NULL
4919,858,20,9,1,1,1:40.478,1:38.516,1:38.481
4920,858,1,1,3,2,1:39.782,1:38.434,1:38.622
4921,858,18,1,4,3,1:40.227,1:39.097,1:38.631
4923,858,4,6,5,5,1:41.380,1:39.058,1:39.058
4925,858,3,131,8,7,1:41.120,1:39.420,1:39.773
4926,858,30,131,7,8,1:42.605,1:40.554,1:40.662
4942,859,20,9,1,1,1:13.664,1:12.446,1:11.918
4944,859,18,1,4,3,1:13.281,1:12.820,1:12.283
4945,859,1,1,3,4,1:13.361,1:12.811,1:12.480
4946,859,4,6,5,5,1:13.969,1:12.870,1:12.591
4947,859,3,131,8,6,1:14.083,1:12.569,1:13.050
4951,859,30,131,7,10,1:13.694,1:13.571,NULL
4966,860,1,1,4,1,1:26.800,1:25.626,1:24.922
4967,860,18,1,3,2,1:26.832,1:25.663,1:25.074
4969,860,30,131,7,4,1:26.586,1:25.571,1:25.336
4971,860,20,9,1,6,1:26.773,1:25.982,1:25.668
4972,860,3,131,8,7,1:26.763,1:25.469,1:25.686
4977,860,4,6,5,12,1:26.688,1:26.494,NULL
4983,860,8,208,9,18,1:27.758,0:00.0,NULL
4990,861,1,1,4,1,1:37.813,1:37.106,1:36.219
4991,861,18,1,3,2,1:37.575,1:36.928,1:36.368
4992,861,30,131,7,3,1:37.517,1:37.017,1:36.391
4994,861,8,208,9,5,1:37.961,1:36.715,1:36.461
4995,861,20,9,1,6,1:38.102,1:37.419,1:36.634
4997,861,3,131,8,8,1:37.696,1:36.996,1:36.664
4998,861,4,6,5,9,1:38.151,1:37.379,1:37.566
5014,862,3,131,8,1,1:36.875,1:35.725,1:35.121
5015,862,1,1,4,2,1:36.763,1:35.902,1:35.626
5016,862,30,131,7,3,1:36.797,1:35.794,1:35.691
5018,862,8,208,9,5,1:36.850,1:35.921,1:35.898
5019,862,18,1,3,6,1:36.746,1:35.942,1:36.191
5022,862,4,6,5,9,1:36.292,1:35.982,1:36.622
5024,862,20,9,1,11,1:36.911,1:36.031,NULL
5038,863,20,9,1,1,1:34.308,1:33.527,1:32.422
5039,863,1,1,4,2,1:34.813,1:33.209,1:32.520
5041,863,18,1,3,4,1:34.792,1:33.416,1:32.711
5042,863,3,131,8,5,1:34.588,1:33.219,1:32.821
5046,863,4,6,5,9,1:34.760,1:33.403,NULL
5048,863,8,208,9,11,1:34.552,1:33.789,NULL
5055,863,30,131,7,18,1:34.865,0:00.0,NULL
5062,864,1,1,4,1,1:22.583,1:22.465,1:21.707
5064,864,4,6,5,3,1:23.276,1:22.862,1:22.302
5066,864,8,208,9,5,1:23.406,1:22.856,1:22.487
5068,864,3,131,8,7,1:23.370,1:22.882,1:23.005
5069,864,20,9,1,8,1:23.850,1:22.884,NULL
5070,864,30,131,7,9,1:23.757,1:22.904,NULL
5072,864,18,1,3,11,1:23.510,1:22.944,NULL
5086,865,30,131,7,1,1:15.873,1:15.062,1:14.301
5088,865,3,131,8,3,1:15.900,1:15.022,1:14.448
5089,865,1,1,4,4,1:16.063,1:15.166,1:14.583
5091,865,4,6,5,6,1:16.153,1:15.128,1:14.948
5093,865,8,208,9,8,1:15.889,1:15.322,1:15.199
5095,865,20,9,1,10,1:15.757,1:15.234,NULL
5098,865,18,1,3,13,1:16.399,1:15.536,NULL
5109,866,20,9,1,1,1:14.661,1:14.187,1:13.784
5110,866,1,1,4,2,1:14.891,1:14.371,1:14.087
5111,866,4,6,5,3,1:14.916,1:14.314,1:14.151
5113,866,3,131,8,5,1:15.098,1:14.568,1:14.411
5117,866,30,131,7,9,1:14.892,1:14.480,1:14.812
5118,866,18,1,3,10,1:14.799,1:14.680,1:15.182
5120,866,8,208,9,12,1:14.995,1:14.734,NULL
5133,867,20,9,1,1,1:39.626,1:38.530,1:38.086
5134,867,1,1,4,2,1:39.169,1:38.616,1:38.410
5137,867,8,208,9,5,1:39.464,1:38.531,1:38.513
5138,867,3,131,8,6,1:39.061,1:38.504,1:38.623
5141,867,18,1,3,9,1:39.622,1:38.563,1:38.801
5143,867,4,6,5,11,1:39.409,1:38.707,NULL
5144,867,30,131,7,12,1:39.447,1:38.770,NULL
5156,868,4,6,5,1,1:46.515,1:56.921,1:51.746
5158,868,30,131,7,3,1:46.571,1:55.799,1:52.020
5159,868,20,9,1,4,1:46.279,1:56.931,1:52.199
5161,868,8,208,9,6,1:47.309,1:56.469,1:53.290
5163,868,1,1,4,8,1:47.433,1:54.897,1:53.543
5168,868,3,131,8,13,1:47.724,1:57.108,NULL
5173,868,18,1,3,18,1:48.044,0:00.0,NULL
5180,869,4,6,5,1,1:16.073,1:38.521,1:40.621
5181,869,20,9,1,2,1:16.393,1:38.309,1:41.026
5183,869,30,131,7,4,1:16.686,1:38.010,1:42.459
5186,869,18,1,3,7,1:16.507,1:38.659,1:44.113
5187,869,1,1,4,8,1:16.221,1:37.365,1:44.186
5189,869,8,208,9,10,1:15.693,1:39.729,1:45.811
5196,869,3,131,8,17,1:15.988,1:41.551,NULL
5204,870,1,1,4,1,1:21.794,1:21.060,1:20.953
5206,870,20,9,1,3,1:22.948,1:21.407,1:21.416
5207,870,18,1,3,4,1:22.028,1:21.618,1:21.583
5208,870,8,208,9,5,1:22.234,1:21.583,1:21.730
5209,870,4,6,5,6,1:22.095,1:21.598,1:21.844
5216,870,3,131,8,13,1:22.079,1:21.895,NULL
5220,870,30,131,7,17,1:22.436,1:22.723,NULL
5228,871,18,1,3,1,1:49.250,1:47.654,1:47.573
5231,871,8,208,9,4,1:49.546,1:48.414,1:48.205
5233,871,4,6,5,6,1:49.401,1:48.598,1:48.313
5235,871,1,1,4,8,1:49.605,1:48.563,1:48.394
5238,871,20,9,1,11,1:49.722,1:48.792,NULL
5240,871,30,131,7,13,1:49.742,1:49.081,NULL
5245,871,3,131,8,18,1:50.181,0:00.0,NULL
5252,872,1,1,4,1,1:24.211,1:24.394,1:24.010
5253,872,18,1,3,2,1:24.672,1:24.255,1:24.133
5256,872,30,131,7,5,1:25.302,1:24.675,1:24.540
5257,872,20,9,1,6,1:25.011,1:24.687,1:24.802
5258,872,3,131,8,7,1:24.689,1:24.515,1:24.833
5259,872,8,208,9,8,1:25.151,1:24.742,1:24.855
5261,872,4,6,5,10,1:24.175,1:24.242,1:25.678
5275,873,1,1,4,1,1:48.285,1:46.665,1:46.362
5277,873,20,9,1,3,1:48.240,1:46.791,1:46.905
5278,873,18,1,3,4,1:49.381,1:47.661,1:46.939
5279,873,4,6,5,5,1:49.391,1:47.567,1:47.216
5283,873,30,131,7,9,1:49.546,1:47.823,NULL
5284,873,3,131,8,10,1:49.463,1:47.943,NULL
5286,873,8,208,9,12,1:48.169,1:48.261,NULL
5299,874,20,9,1,1,1:32.608,1:31.501,1:30.839
5301,874,18,1,3,3,1:33.077,1:31.772,1:31.290
5305,874,4,6,5,7,1:32.459,1:31.833,1:32.114
5306,874,8,208,9,8,1:32.221,1:31.826,1:32.208
5307,874,1,1,4,9,1:33.061,1:32.121,1:32.327
5311,874,30,131,7,13,1:33.349,1:32.469,NULL
5313,874,3,131,8,15,1:33.015,1:32.625,NULL
5324,875,20,9,1,2,1:38.208,1:37.767,1:37.316
5325,875,1,1,4,3,1:39.180,1:38.000,1:37.469
5326,875,4,6,5,4,1:39.144,1:37.987,1:37.534
5327,875,8,208,9,5,1:38.887,1:38.227,1:37.625
5331,875,3,131,8,9,1:38.999,1:38.417,1:38.361
5332,875,30,131,7,10,1:38.808,1:38.436,1:38.513
5333,875,18,1,3,11,1:38.615,1:38.441,NULL
5346,876,20,9,1,1,1:26.387,1:25.435,1:25.283
5348,876,1,1,4,3,1:26.516,1:25.816,1:25.544
5349,876,18,1,3,4,1:26.564,1:25.467,1:25.659
5350,876,4,6,5,5,1:26.829,1:25.834,1:25.773
5352,876,8,208,9,7,1:26.740,1:26.101,1:26.236
5355,876,3,131,8,10,1:26.458,1:25.976,NULL
5359,876,30,131,7,14,1:27.482,1:26.574,NULL
5370,877,1,1,4,1,1:41.497,1:40.901,1:40.630
5372,877,20,9,1,3,1:42.160,1:41.511,1:41.073
5374,877,8,208,9,5,1:42.222,1:41.532,1:41.260
5375,877,18,1,3,6,1:42.342,1:41.873,1:41.290
5376,877,4,6,5,7,1:41.939,1:41.514,1:41.582
5377,877,3,131,8,8,1:41.926,1:41.698,1:41.603
5383,877,30,131,7,14,1:42.735,1:42.289,NULL
5394,878,20,9,1,1,1:36.558,1:35.796,1:35.657
5395,878,1,1,4,2,1:37.058,1:36.795,1:35.766
5398,878,8,208,9,5,1:38.051,1:37.404,1:36.708
5399,878,30,131,7,6,1:37.927,1:37.102,1:36.794
5402,878,4,6,5,9,1:37.968,1:37.123,1:37.300
5405,878,18,1,3,12,1:37.565,1:37.616,NULL
5410,878,3,131,8,17,1:38.862,1:38.501,NULL
5418,879,1,1,4,1,1:15.075,1:13.398,1:12.458
5419,879,18,1,3,2,1:15.456,1:13.515,1:12.513
5421,879,20,9,1,4,1:15.644,1:13.209,1:12.760
5425,879,4,6,5,8,1:16.097,1:13.856,1:13.253
5426,879,8,208,9,9,1:16.432,1:13.698,1:13.298
5427,879,3,131,8,10,1:15.929,1:13.848,1:13.489
5431,879,30,131,7,14,1:16.005,1:14.334,NULL
5442,880,20,9,1,1,1:44.657,1:36.745,1:27.407
5444,880,1,131,10,3,1:45.456,1:36.625,1:28.087
5446,880,4,6,3,5,1:43.850,1:36.691,1:28.493
5447,880,3,131,9,6,1:43.380,1:36.194,1:28.523
5448,880,8,208,7,7,1:45.545,1:37.517,1:28.738
5451,880,18,1,5,10,1:44.688,1:36.644,1:30.357
5464,881,20,9,1,1,1:37.899,1:37.245,1:49.674
5466,881,4,6,3,3,1:37.314,1:36.877,1:50.727
5467,881,1,131,10,4,1:37.513,1:36.517,1:51.699
5469,881,3,131,9,6,1:37.239,1:36.190,1:52.519
5470,881,8,208,7,7,1:36.959,1:36.640,1:52.970
5471,881,18,1,5,8,1:37.487,1:37.117,1:53.175
5486,882,1,131,10,1,1:35.793,1:35.078,1:34.484
5487,882,8,208,7,2,1:37.046,1:35.659,1:34.761
5488,882,4,6,3,3,1:36.253,1:35.148,1:34.788
5489,882,3,131,9,4,1:35.959,1:35.537,1:34.861
5493,882,18,1,5,8,1:36.667,1:35.784,2:05.673
5494,882,20,9,1,9,1:36.537,1:35.343,NULL
5508,883,3,131,9,1,1:33.364,1:32.867,1:32.330
5509,883,20,9,1,2,1:33.327,1:32.746,1:32.584
5510,883,4,6,3,3,1:32.878,1:33.316,1:32.667
5511,883,1,131,10,4,1:33.498,1:33.346,1:32.762
5516,883,8,208,7,9,1:33.827,1:33.146,1:33.327
5517,883,18,1,5,10,1:34.071,1:33.702,NULL
5530,884,3,131,9,1,1:21.913,1:21.776,1:20.718
5531,884,1,131,10,2,1:21.728,1:21.001,1:20.972
5532,884,20,9,1,3,1:22.158,1:21.602,1:21.054
5533,884,8,208,7,4,1:22.210,1:21.676,1:21.177
5534,884,4,6,3,5,1:22.264,1:21.646,1:21.218
5543,884,18,1,5,14,1:23.166,1:22.355,NULL
5552,885,3,131,9,1,1:24.620,1:16.135,1:13.876
5553,885,1,131,10,2,1:23.779,1:16.265,1:13.967
5554,885,20,9,1,3,1:24.243,1:15.988,1:13.980
5556,885,8,208,7,5,1:25.835,1:16.040,1:14.822
5557,885,4,6,3,6,1:23.712,1:16.510,1:14.824
5560,885,18,1,5,9,1:23.744,1:17.420,1:15.647
5574,886,20,9,1,1,1:22.318,1:28.166,1:25.425
5575,886,1,131,10,2,1:23.801,1:27.649,1:25.512
5577,886,3,131,9,4,1:23.840,1:28.420,1:26.008
5579,886,4,6,3,6,1:23.224,1:28.788,1:26.504
5582,886,8,208,7,9,1:24.451,1:28.667,1:27.432
5587,886,18,1,5,14,1:24.021,1:30.068,NULL
5596,887,1,131,10,1,1:30.995,1:31.224,1:29.607
5597,887,3,131,9,2,1:31.355,1:31.028,1:30.059
5598,887,20,9,1,3,1:31.559,1:30.990,1:30.211
5604,887,8,208,7,9,1:31.400,1:31.592,1:30.962
5605,887,4,6,3,10,1:32.266,1:31.387,1:30.979
5606,887,18,1,5,11,1:31.979,1:31.649,NULL
5618,888,1,131,10,1,1:31.131,1:30.152,1:29.398
5619,888,20,9,1,2,1:31.269,1:29.992,1:29.501
5621,888,8,208,7,4,1:30.676,1:29.852,1:29.892
5625,888,4,6,3,8,1:30.709,1:29.962,1:31.209
5626,888,18,1,5,9,1:31.181,1:30.269,NULL
5628,888,3,131,9,11,1:31.322,1:30.326,NULL
5640,890,1,131,10,1,1:20.363,1:19.862,1:19.388
5641,890,20,9,1,2,1:20.646,1:19.992,1:19.426
5643,890,3,131,9,4,1:20.350,1:19.778,1:19.720
5644,890,4,6,3,5,1:20.652,1:20.183,1:19.791
5645,890,8,208,7,6,1:20.867,1:20.243,1:19.851
5652,890,18,1,5,13,1:21.131,1:20.777,NULL
5662,891,1,131,10,1,2:00.368,1:49.067,2:01.012
5663,891,20,9,1,2,2:01.863,1:48.646,2:01.200
5665,891,3,131,9,4,2:01.099,1:57:12,2:02.251
5667,891,18,1,5,6,2:01.301,1:48.641,2:03.075
5669,891,8,208,7,8,2:01.151,1:48.296,2:03.390
5670,891,4,6,3,9,2:00.190,1:48.309,2:03.482
5684,892,20,9,1,1,1:24.319,1:23.977,1:23.755
5688,892,4,6,3,5,1:24.661,1:24.227,1:24.142
5689,892,3,131,9,6,1:24.527,1:24.393,1:24.192
5692,892,18,1,5,9,1:24.739,1:24.563,1:24.515
5694,892,8,208,7,11,1:24.819,1:24.610,NULL
5695,892,1,131,10,12,1:24.589,1:24.803,NULL
5706,893,20,9,1,1,1:45.376,1:42.905,1:42.841
5707,893,3,131,9,2,1:45.208,1:43.892,1:42.932
5710,893,1,131,10,5,1:44.196,1:43.920,1:43.254
5712,893,4,6,3,7,1:45.115,1:44.153,1:43.938
5713,893,18,1,5,8,1:45.009,1:44.497,1:44.282
5718,893,8,208,7,13,1:45.522,1:45.658,NULL
5728,894,20,9,1,1,1:38.683,1:37.569,1:37.202
5729,894,1,131,10,2,1:38.574,1:37.824,1:37.420
5732,894,3,131,9,5,1:38.418,1:38.031,1:37.679
5733,894,4,6,3,6,1:38.520,1:37.978,1:38.038
5737,894,8,208,7,10,1:38.341,1:38.181,1:38.822
5739,894,18,1,5,12,1:38.882,1:38.365,NULL
5751,895,20,9,1,2,1:32.397,1:31.290,1:31.089
5752,895,1,131,10,3,1:32.340,1:31.636,1:31.253
5755,895,3,131,9,6,1:32.244,1:31.764,1:31.397
5757,895,4,6,3,8,1:32.371,1:31.828,1:31.665
5758,895,8,208,7,9,1:32.377,1:31.662,1:31.684
5759,895,18,1,5,10,1:32.606,1:31.838,1:31.827
5772,896,20,9,1,1,1:25.943,1:24.568,1:24.119
5773,896,3,131,9,2,1:25.833,1:25.304,1:24.871
5774,896,1,131,10,3,1:25.802,1:25.259,1:24.941
5777,896,8,208,7,6,1:25.819,1:25.191,1:25.248
5779,896,4,6,3,8,1:25.934,1:24.885,1:25.826
5781,896,18,1,5,10,1:25.574,1:25.458,1:26.487
5795,897,20,9,1,2,1:41.683,1:40.781,1:40.075
5796,897,3,131,9,3,1:41.420,1:40.473,1:40.419
5797,897,1,131,10,4,1:40.693,1:40.477,1:40.501
5798,897,8,208,7,5,1:41.276,1:40.971,1:40.542
5804,897,4,6,3,11,1:41.397,1:41.093,NULL
5806,897,18,1,5,13,1:41.817,1:41.200,NULL
5816,898,20,9,1,1,1:38.516,1:37.065,1:36.338
5820,898,1,131,10,5,1:37.959,1:37.854,1:37.345
5821,898,4,6,3,6,1:38.929,1:37.368,1:37.376
5828,898,18,1,5,13,1:38.588,1:38.217,NULL
5829,898,3,131,9,14,1:38.743,1:38.364,NULL
5838,899,20,9,1,1,1:25.381,1:26.420,1:26.479
5839,899,3,131,9,2,1:25.556,1:26.626,1:27.102
5840,899,4,6,3,3,1:26.656,1:26.590,1:27.539
5842,899,1,131,10,5,1:25.342,1:26.698,1:27.677
5852,899,18,1,5,15,1:26.398,1:28.308,NULL
5860,900,1,131,44,1,1:31.699,1:42.890,1:44.231
5862,900,3,131,6,3,1:32.564,1:42.264,1:44.595
5864,900,4,6,14,5,1:31.388,1:42.805,1:45.819
5870,900,18,1,22,11,1:31.396,1:44.437,NULL
5871,900,8,6,7,12,1:32.439,1:44.494,NULL
5872,900,20,9,1,13,1:31.931,1:44.688,NULL
5882,901,1,131,44,1,1:57.202,1:59.041,1:59.431
5883,901,20,9,1,2,1:57.654,1:59.399,1:59.486
5884,901,3,131,6,3,1:57.183,1:59.445,2:00.050
5885,901,4,6,14,4,1:58.889,2:01.356,2:00.175
5887,901,8,6,7,6,1:59.257,2:01.532,2:01.218
5891,901,18,1,22,10,2:00.889,2:01.810,2:04.053
5904,902,3,131,6,1,1:35.439,1:33.708,1:33.185
5905,902,1,131,44,2,1:35.323,1:33.872,1:33.464
5909,902,8,6,7,6,1:35.234,1:34.925,1:34.368
5910,902,18,1,22,7,1:35.699,1:34.714,1:34.387
5913,902,4,6,14,10,1:35.251,1:34.723,1:34.992
5914,902,20,9,1,11,1:35.549,1:34.985,NULL
5926,853,20,9,1,1,1:24.002,1:22.914,1:22.275
5927,853,1,1,3,2,1:23.976,1:23.172,1:22.725
5928,853,18,1,4,3,1:24.013,1:23.031,1:22.777
5929,853,4,6,5,4,1:24.134,1:23.342,1:22.841
5933,853,30,131,7,8,1:25.108,1:23.671,1:23.777
5934,853,3,131,8,9,1:24.550,1:23.335,1:24.477
5950,903,1,131,44,1,1:55.516,1:54.029,1:53.860
5952,903,20,9,1,3,1:55.926,1:54.499,1:54.960
5953,903,3,131,6,4,1:56.058,1:55.294,1:55.143
5954,903,4,6,14,5,1:56.961,1:55.765,1:55.637
5960,903,8,6,7,11,1:58.279,1:56.860,NULL
5961,903,18,1,22,12,1:57.783,1:56.963,NULL
5972,904,1,131,44,1,1:27.238,1:26.210,1:25.232
5973,904,3,131,6,2,1:26.764,1:26.088,1:25.400
5977,904,8,6,7,6,1:28.308,1:27.335,1:27.104
5978,904,4,6,14,7,1:28.329,1:27.602,1:27.140
5979,904,18,1,22,8,1:28.279,1:27.570,1:27.335
5981,904,20,9,1,10,1:27.958,1:27.052,NULL
5994,905,3,131,6,1,1:17.678,1:16.465,1:15.989
5995,905,1,131,44,2,1:17.823,1:16.354,1:16.048
5997,905,20,9,1,4,1:18.383,1:17.074,1:16.547
5998,905,4,6,14,5,1:17.853,1:17.200,1:16.686
5999,905,8,6,7,6,1:17.902,1:17.398,1:17.389
6005,905,18,1,22,12,1:17.890,1:17.988,NULL
6016,906,3,131,6,1,1:16.471,1:15.289,1:14.874
6017,906,1,131,44,2,1:15.750,1:15.054,1:14.953
6018,906,20,9,1,3,1:17.470,1:16.109,1:15.548
6022,906,4,6,14,7,1:17.010,1:16.131,1:15.814
6024,906,18,1,22,9,1:16.631,1:16.214,1:16.182
6025,906,8,6,7,10,1:17.013,1:16.245,1:16.214
6040,907,3,131,6,3,1:09.695,1:08.974,1:08.944
6041,907,4,6,14,4,1:10.405,1:09.479,1:09.285
6045,907,8,6,7,8,1:10.285,1:09.657,1:10.795
6046,907,1,131,44,9,1:09.514,1:09.092,NULL
6049,907,18,1,22,12,1:10.252,1:09.780,NULL
6050,907,20,9,1,13,1:10.630,1:09.801,NULL
6060,908,3,131,6,1,1:40.380,1:35.179,1:35.766
6061,908,20,9,1,2,1:45.086,1:36.410,1:37.386
6062,908,18,1,22,3,1:44.425,1:36.579,1:38.200
6065,908,1,131,44,6,1:41.058,1:34.870,1:39.232
6078,908,4,6,14,19,1:45.935,0:00.0,NULL
6079,908,8,6,7,20,1:46.684,0:00.0,NULL
6082,909,3,131,6,1,1:17.631,1:17.109,1:16.540
6087,909,20,9,1,6,1:18.194,1:17.646,1:17.577
6088,909,4,6,14,7,1:18.389,1:17.866,1:17.649
6092,909,18,1,22,11,1:18.425,1:18.193,NULL
6093,909,8,6,7,12,1:18.534,1:18.273,NULL
6097,909,1,131,44,16,1:18.683,0:00.0,NULL
6104,910,3,131,6,1,1:25.227,1:23.310,1:22.715
6105,910,20,9,1,2,1:25.662,1:23.606,1:23.201
6108,910,4,6,14,5,1:26.087,1:24.249,1:23.909
6110,910,18,1,22,7,1:26.612,1:24.502,1:24.294
6120,910,8,6,7,17,1:26.792,0:00.0,NULL
6124,910,1,131,44,21, ,0:00.0,NULL
6126,911,3,131,6,1,2:07.130,2:06.723,2:05.591
6127,911,1,131,44,2,2:07.280,2:06.609,2:05.819
6128,911,20,9,1,3,2:10.105,2:08.868,2:07.717
6129,911,4,6,14,4,2:10.197,2:08.450,2:07.786
6133,911,8,6,7,8,2:09.885,2:08.646,2:08.780
6135,911,18,1,22,10,2:10.529,2:09.272,2:09.776
6148,912,1,131,44,1,1:25.363,1:24.560,1:24.109
6149,912,3,131,6,2,1:25.493,1:24.600,1:24.383
6153,912,18,1,22,6,1:26.328,1:25.630,1:25.379
6154,912,4,6,14,7,1:26.514,1:25.525,1:25.430
6155,912,20,9,1,8,1:26.631,1:25.769,1:25.436
6159,912,8,6,7,12,1:26.689,1:26.110,NULL
6170,913,1,131,44,1,1:46.921,1:46.287,1:45.681
6171,913,3,131,6,2,1:47.244,1:45.825,1:45.688
6173,913,20,9,1,4,1:47.476,1:46.586,1:45.902
6174,913,4,6,14,5,1:46.889,1:46.328,1:45.907
6176,913,8,6,7,7,1:46.685,1:46.359,1:46.170
6180,913,18,1,22,11,1:47.161,1:46.943,NULL
6192,914,3,131,6,1,1:33.671,1:32.950,1:32.506
6193,914,1,131,44,2,1:33.611,1:32.982,1:32.703
6196,914,4,6,14,5,1:34.497,1:33.675,1:33.740
6199,914,18,1,22,8,1:35.150,1:34.648,1:34.317
6200,914,20,9,1,9,1:35.517,1:34.784,1:34.432
6201,914,8,6,7,10,1:34.984,1:34.771,1:34.548
6214,915,1,131,44,1,1:38.759,1:38.338,1:38.513
6215,915,3,131,6,2,1:39.076,1:38.606,1:38.713
6217,915,18,1,22,4,1:39.560,1:39.381,1:39.121
6221,915,4,6,14,8,1:40.255,1:39.786,1:39.709
6222,915,8,6,7,9,1:40.098,1:39.838,1:39.771
6224,915,20,9,1,11,1:40.382,1:40.052,NULL
6235,916,3,131,6,1,1:38.303,1:36.290,1:36.067
6236,916,1,131,44,2,1:37.196,1:37.287,1:36.443
6240,916,4,6,14,6,1:38.349,1:38.010,1:37.610
6241,916,18,1,22,7,1:38.574,1:38.024,1:37.655
6243,916,8,6,7,9,1:38.669,1:38.263,1:37.804
6251,916,20,9,1,17,1:39.621,0:00.0,NULL
6253,917,3,131,6,1,1:10.347,1:10.303,1:10.023
6254,917,1,131,44,2,1:10.457,1:10.712,1:10.056
6257,917,18,1,22,5,1:11.097,1:11.127,1:10.930
6258,917,20,9,1,6,1:11.880,1:11.129,1:10.938
6260,917,4,6,14,8,1:11.558,1:11.215,1:10.977
6262,917,8,6,7,10,1:11.193,1:11.188,1:11.099
6298,918,4,6,14,8,1:42.467,1:41.940,1:42.866
6297,918,8,6,7,7,1:42.439,1:42.168,1:42.236
6296,918,18,1,22,6,1:42.137,1:41.875,1:41.964
6292,918,1,131,44,2,1:41.207,1:40.920,1:40.866
6291,918,3,131,6,1,1:41.308,1:41.459,1:40.480
6309,926,1,131,44,1,1:28.586,1:26.894,1:26.327
6310,926,3,131,6,2,1:28.906,1:27.097,1:26.921
6312,926,20,6,5,4,1:29.307,1:27.742,1:27.757
6313,926,8,6,7,5,1:29.754,1:27.807,1:27.790
6325,926,18,1,22,17,1:31.422,0:00.0,NULL
6327,927,1,131,44,1,1:39.269,1:41.517,1:49.834
6328,927,20,6,5,2,1:39.814,1:39.632,1:49.908
6329,927,3,131,6,3,1:39.374,1:39.377,1:50.299
6337,927,8,6,7,11,1:40.415,1:42.173,NULL
6343,927,18,1,22,17,1:41.636,0:00.0,NULL
6344,927,4,1,14,18,1:41.746,0:00.0,NULL
6346,928,1,131,44,1,1:38.285,1:36.423,1:35.782
6347,928,3,131,6,2,1:38.496,1:36.747,1:35.828
6348,928,20,6,5,3,1:37.502,1:36.957,1:36.687
6351,928,8,6,7,6,1:37.790,1:37.109,1:37.232
6362,928,18,1,22,17,1:39.276,0:00.0,NULL
6363,928,4,1,14,18,1:39.280,0:00.0,NULL
6366,929,1,131,44,1,1:33.928,1:32.669,1:32.571
6367,929,20,6,5,2,1:34.919,1:33.623,1:32.982
6368,929,3,131,6,3,1:34.398,1:33.878,1:33.129
6369,929,8,6,7,4,1:34.568,1:33.540,1:33.227
6379,929,4,1,14,14,1:35.205,1:35.039,NULL
6385,930,3,131,6,1,1:26.490,1:25.166,1:24.681
6386,930,1,131,44,2,1:26.382,1:25.740,1:24.948
6387,930,20,6,5,3,1:27.534,1:26.167,1:25.458
6391,930,8,6,7,7,1:26.637,1:26.016,1:26.414
6397,930,4,1,14,13,1:27.941,1:27.760,NULL
6398,930,18,1,22,14,1:27.813,1:27.854,NULL
6405,931,1,131,44,1,1:16.588,1:15.864,1:15.098
6406,931,3,131,6,2,1:16.528,1:15.471,1:15.440
6407,931,20,6,5,3,1:17.502,1:16.181,1:15.849
6410,931,8,6,7,6,1:17.660,1:16.440,1:16.427
6416,931,18,1,22,12,1:17.492,1:17.093,NULL
6419,931,4,1,14,15,1:17.778,1:26.632,NULL
6425,932,1,131,44,1,1:15.895,1:14.661,1:14.393
6426,932,3,131,6,2,1:15.893,1:14.673,1:14.702
6427,932,8,6,7,3,1:16.259,1:15.348,1:15.014
6438,932,4,1,14,14,1:17.012,1:16.276,NULL
6440,932,20,6,5,16,1:17.344,0:00.0,NULL
6444,933,1,131,44,1,1:12.218,1:09.062,1:08.455
6445,933,3,131,6,2,1:10.976,1:08.634,1:08.655
6446,933,20,6,5,3,1:11.184,1:09.392,1:08.810
6458,933,4,1,14,15,1:12.508,1:10.736,NULL
6460,933,18,1,22,17,1:12.632,0:00.0,NULL
6461,933,8,6,7,18,1:12.867,0:00.0,NULL
6464,934,1,131,44,1,1:33.796,1:33.068,1:32.248
6465,934,3,131,6,2,1:33.475,1:32.737,1:32.361
6468,934,8,6,7,5,1:33.426,1:33.911,1:33.379
6469,934,20,6,5,6,1:33.562,1:33.641,1:33.547
6480,934,4,1,14,17,1:34.959,0:00.0,NULL
6481,934,18,1,22,18,1:35.207,0:00.0,NULL
6484,936,1,131,44,1,1:22.890,1:22.285,1:22.020
6485,936,3,131,6,2,1:22.979,1:22.775,1:22.595
6486,936,20,6,5,3,1:23.312,1:23.168,1:22.739
6488,936,8,6,7,5,1:23.596,1:23.460,1:23.020
6498,936,4,1,14,15,1:24.563,0:00.0,NULL
6499,936,18,1,22,16,1:24.739,0:00.0,NULL
6504,937,1,131,44,1,1:48.908,1:48.024,1:47.197
6505,937,3,131,6,2,1:48.923,1:47.955,1:47.655
6512,937,20,6,5,9,1:49.264,1:48.761,1:48.825
6517,937,8,6,7,14,1:49.288,0:00.0,NULL
6520,937,18,1,22,17,1:50.978,0:00.0,NULL
6521,937,4,1,14,18,1:51.420,0:00.0,NULL
6524,938,1,131,44,1,1:24.251,1:23.383,1:23.397
6525,938,8,6,7,2,1:24.662,1:23.757,1:23.631
6526,938,20,6,5,3,1:24.989,1:23.577,1:23.685
6527,938,3,131,6,4,1:24.609,1:23.864,1:23.703
6539,938,18,1,22,16,1:26.058,0:00.0,NULL
6540,938,4,1,14,17,1:26.154,0:00.0,NULL
6544,939,20,6,5,1,1:46.017,1:44.743,1:43.885
6546,939,8,6,7,3,1:46.467,1:45.140,1:44.667
6548,939,1,131,44,5,1:45.765,1:45.650,1:45.300
6549,939,3,131,6,6,1:46.201,1:45.653,1:45.415
6555,939,4,1,14,12,1:46.600,1:46.328,NULL
6558,939,18,1,22,15,1:45.891,1:47.019,NULL
6564,940,3,131,6,1,1:33.015,1:32.632,1:32.584
6565,940,1,131,44,2,1:32.844,1:32.789,1:32.660
6567,940,20,6,5,4,1:34.431,1:33.844,1:33.245
6569,940,8,6,7,6,1:34.171,1:33.361,1:33.347
6577,940,4,1,14,14,1:35.467,1:34.785,NULL
6579,940,18,1,22,16,1:35.664,0:00.0,NULL
6584,941,3,131,6,1,1:38.343,1:37.500,1:37.113
6585,941,1,131,44,2,1:38.558,1:37.672,1:37.433
6587,941,20,6,5,4,1:38.598,1:38.402,1:37.965
6588,941,8,6,7,5,1:39.207,1:38.224,1:38.348
6596,941,18,1,22,13,1:39.739,1:39.763,NULL
6599,941,4,1,14,16,1:40.144,0:00.0,NULL
6603,942,3,131,6,1,1:56.671,1:56.824,NULL
6604,942,1,131,44,2,1:56.871,1:56.929,NULL
6607,942,20,6,5,5,2:00.950,1:58.596,NULL
6610,942,8,6,7,8,1:58.198,1:59.703,NULL
6613,942,4,1,14,11,1:59.704,2:00.265,NULL
6616,942,18,1,22,14,2:00.261,2:01.193,NULL
6623,943,3,131,6,1,1:20.436,1:20.053,1:19.480
6624,943,1,131,44,2,1:20.808,1:19.829,1:19.668
6625,943,20,6,5,3,1:20.503,1:20.045,1:19.850
6637,943,8,6,7,15,1:21.422,1:22.494,NULL
6638,943,4,1,14,16,1:21.779,0:00.0,NULL
6642,943,18,1,22,20,0:00.0,0:00.0,NULL
6643,944,3,131,6,1,1:11.746,1:12.213,1:11.282
6644,944,1,131,44,2,1:11.682,1:11.665,1:11.360
6645,944,20,6,5,3,1:12.240,1:11.928,1:11.804
6647,944,8,6,7,5,1:12.185,1:12.243,1:12.144
6659,944,18,1,22,17,1:13.425,0:00.0,NULL
6662,944,4,1,14,20,0:00.0,0:00.0,NULL
6663,945,3,131,6,1,1:41.111,1:40.979,1:40.237
6664,945,1,131,44,2,1:40.974,1:40.758,1:40.614
6665,945,8,6,7,3,1:42.500,1:41.612,1:41.051
6674,945,18,1,22,12,1:42.570,1:42.668,NULL
6678,945,20,6,5,16,1:42.941,0:00.0,NULL
6679,945,4,1,14,17,1:43.187,0:00.0,NULL
6683,948,1,131,44,1,1:25.351,1:24.605,1:23.837
6684,948,3,131,6,2,1:26.934,1:24.796,1:24.197
6685,948,20,6,5,3,1:26.945,1:25.257,1:24.675
6686,948,8,6,7,4,1:26.579,1:25.615,1:25.033
6694,948,4,1,14,12,1:26.537,1:26.125,NULL
6695,948,18,1,22,13,1:26.740,1:26.304,NULL
6705,949,1,131,44,1,1:31.391,1:30.039,1:29.493
6706,949,3,131,6,2,1:31.325,1:30.535,1:29.570
6707,949,20,6,5,3,1:31.636,1:30.409,1:30.012
6708,949,8,6,7,4,1:31.685,1:30.559,1:30.244
6718,949,18,1,22,14,1:31.976,1:31.998,NULL
6727,950,3,131,6,1,1:37.669,1:36.240,1:35.402
6729,950,8,6,7,3,1:37.347,1:36.118,1:35.972
6730,950,20,6,5,4,1:37.001,1:36.183,1:36.246
6738,950,4,1,14,12,1:38.451,1:38.826,NULL
6739,950,18,1,22,13,1:37.593,1:39.093,NULL
6748,950,1,131,44,22,0:00.0,0:00.0,NULL
6749,951,3,131,6,1,1:36.119,1:35.337,1:35.417
6750,951,20,6,5,2,1:36.555,1:36.623,1:36.123
6752,951,8,6,7,4,1:36.976,1:36.741,1:36.663
6758,951,1,131,44,10,1:36.006,1:35.820,NULL
6760,951,18,1,22,12,1:38.332,1:37.701,NULL
6762,951,4,1,14,14,1:37.971,1:37.807,NULL
6771,952,1,131,44,1,1:23.214,1:22.159,1:22.000
6772,952,3,131,6,2,1:23.002,1:22.759,1:22.280
6775,952,8,6,7,5,1:23.796,1:23.504,1:23.113
6776,952,20,6,5,6,1:24.124,1:23.688,1:23.334
6780,952,4,1,14,10,1:24.578,1:24.192,1:23.981
6782,952,18,1,22,12,1:24.583,1:24.348,NULL
6794,953,3,131,6,2,1:14.873,1:14.043,1:13.791
6795,953,1,131,44,3,1:14.826,1:14.056,1:13.942
6796,953,20,6,5,4,1:14.610,1:14.318,1:14.552
6798,953,8,6,7,6,1:15.499,1:14.789,1:14.732
6802,953,4,1,14,10,1:15.504,1:15.107,1:15.363
6805,953,18,1,22,13,1:15.554,1:15.352,NULL
6815,954,1,131,44,1,1:14.121,1:13.076,1:12.812
6816,954,3,131,6,2,1:13.714,1:13.094,1:12.874
6817,954,20,6,5,3,1:13.925,1:13.857,1:12.990
6820,954,8,6,7,6,1:14.477,1:13.849,1:13.579
6824,954,4,1,14,10,1:15.026,1:14.260,1:14.338
6826,954,18,1,22,12,1:14.755,1:14.437,NULL
6836,955,3,131,6,1,1:43.685,1:42.520,1:42.758
6839,955,20,6,5,4,1:45.062,1:44.461,1:43.966
6840,955,8,6,7,5,1:44.936,1:44.533,1:44.269
6845,955,1,131,44,10,1:44.259,1:43.526,2:01.954
6849,955,4,1,14,14,1:45.525,1:45.270,NULL
6854,955,18,1,22,19,1:45.804,0:00.0,NULL
6858,956,1,131,44,1,1:06.947,1:06.228,1:07.922
6859,956,3,131,6,2,1:06.516,1:06.403,1:08.465
6861,956,20,6,5,4,1:06.761,1:06.602,1:09.781
6862,956,18,1,22,5,1:07.653,1:07.572,1:09.900
6863,956,8,6,7,6,1:07.240,1:06.940,1:09.901
6871,956,4,1,14,14,1:07.671,1:08.154,NULL
6880,957,1,131,44,1,1:30.739,1:29.243,1:29.287
6881,957,3,131,6,2,1:30.724,1:29.970,1:29.606
6884,957,8,6,7,5,1:31.326,1:31.385,1:30.881
6885,957,20,6,5,6,1:31.606,1:30.711,1:31.490
6889,957,4,1,14,10,1:32.281,1:31.740,1:32.343
6896,957,18,1,22,17,1:32.788,0:00.0,NULL
6901,958,3,131,6,1,1:33.302,1:22.806,1:19.965
6902,958,1,131,44,2,1:34.210,1:24.836,1:20.108
6905,958,20,6,5,5,1:35.718,1:24.082,1:20.874
6907,958,4,1,14,7,1:35.165,1:23.816,1:21.211
6908,958,18,1,22,8,1:37.983,1:24.456,1:21.597
6914,958,8,6,7,14,1:36.853,1:25.435,NULL
6923,959,3,131,6,1,1:15.485,1:14.839,1:14.363
6924,959,1,131,44,2,1:15.243,1:14.748,1:14.470
6927,959,8,6,7,5,1:15.752,1:15.242,1:15.142
6928,959,20,6,5,6,1:15.927,1:15.630,1:15.315
6934,959,18,1,22,12,1:16.172,1:15.909,NULL
6936,959,4,1,14,14,1:16.338,1:16.041,NULL
6945,960,3,131,6,1,1:48.019,1:46.999,1:46.744
6947,960,8,6,7,3,1:47.912,1:47.664,1:46.910
6948,960,20,6,5,4,1:47.802,1:47.944,1:47.108
6953,960,18,1,22,9,1:48.700,1:48.051,1:48.114
6965,960,1,131,44,21,1:50.033,0:00.0,NULL
6966,961,1,131,44,1,1:21.854,1:21.498,1:21.135
6967,961,3,131,6,2,1:22.497,1:21.809,1:21.613
6968,961,20,6,5,3,1:23.077,1:22.275,1:21.972
6969,961,8,6,7,4,1:23.217,1:22.568,1:22.065
6978,961,4,1,14,13,1:23.783,1:23.273,NULL
6980,961,18,1,22,15,1:23.666,1:23.399,NULL
6987,962,3,131,6,1,1:45.316,1:43.020,1:42.584
6989,962,1,131,44,3,1:45.167,1:43.471,1:43.288
6991,962,8,6,7,5,1:44.964,1:44.159,1:43.540
6995,962,4,1,14,9,1:45.373,1:44.653,1:44.553
6999,962,18,1,22,13,1:45.262,1:45.144,NULL
7008,962,20,6,5,22,1:49.116,0:00.0,NULL
7009,963,1,131,44,1,1:34.444,1:33.046,1:32.850
7010,963,3,131,6,2,1:34.460,1:33.609,1:33.264
7013,963,20,6,5,5,1:34.557,1:33.972,1:33.584
7014,963,8,6,7,6,1:34.556,1:33.903,1:33.632
7017,963,18,1,22,9,1:35.267,1:34.431,1:34.518
7030,963,4,1,14,22,1:37.155,0:00.0,NULL
7031,964,3,131,6,1,1:31.858,1:30.714,1:30.647
7032,964,1,131,44,2,1:32.218,1:31.129,1:30.660
7033,964,8,6,7,3,1:31.674,1:31.406,1:30.949
7034,964,20,6,5,4,1:31.659,1:31.227,1:31.028
7045,964,4,1,14,15,1:32.819,1:32.689,NULL
7047,964,18,1,22,17,1:32.851,0:00.0,NULL
7053,965,1,131,44,1,1:36.296,1:36.450,1:34.999
7054,965,3,131,6,2,1:36.397,1:36.351,1:35.215
7057,965,8,6,7,5,1:36.985,1:36.584,1:36.131
7058,965,20,6,5,6,1:37.151,1:36.462,1:36.358
7064,965,4,1,14,12,1:37.913,1:37.417,NULL
7071,965,18,1,22,19,1:38.327,0:00.0,NULL
7075,966,1,131,44,1,1:19.447,1:19.137,1:18.704
7076,966,3,131,6,2,1:19.996,1:19.761,1:18.958
7080,966,8,6,7,6,1:19.554,1:19.936,1:19.376
7081,966,20,6,5,7,1:19.865,1:19.385,1:19.381
7085,966,4,1,14,11,1:20.552,1:20.282,NULL
7087,966,18,1,22,13,1:21.333,1:20.673,NULL
7096,967,1,131,44,1,1:11.511,1:11.238,1:10.736
7097,967,3,131,6,2,1:11.815,1:11.373,1:10.838
7098,967,8,6,7,3,1:12.100,1:12.301,1:11.404
7100,967,20,6,5,5,1:12.159,1:12.010,1:11.495
7105,967,4,1,14,10,1:12.700,1:12.312,1:12.266
7112,967,18,1,22,17,1:13.276,0:00.0,NULL
7118,968,1,131,44,1,1:39.487,1:39.382,1:38.755
7119,968,3,131,6,2,1:40.511,1:39.490,1:39.058
7121,968,8,6,7,4,1:40.338,1:39.629,1:39.604
7122,968,20,6,5,5,1:40.341,1:40.034,1:39.661
7126,968,4,1,14,9,1:41.616,1:41.044,1:41.106
7129,968,18,1,22,12,1:41.158,1:41.272,NULL
7140,969,1,131,44,1,1:24.191,1:23.251,1:22.188
7141,969,20,6,5,2,1:25.210,1:23.401,1:22.456
7143,969,8,6,7,4,1:24.352,1:23.376,1:23.033
7152,969,4,1,14,13,1:25.872,1:25.425,NULL
7160,970,1,131,44,1,1:33.333,1:32.406,1:31.678
7161,970,20,6,5,2,1:33.078,1:32.391,1:31.864
7163,970,8,6,7,4,1:33.341,1:32.181,1:32.140
7172,970,4,1,14,13,1:34.499,1:34.372,NULL
7181,971,1,131,44,2,1:30.814,1:29.535,1:28.792
7182,971,20,6,5,3,1:31.037,1:29.596,1:29.247
7184,971,8,6,7,5,1:30.988,1:29.843,1:29.567
7194,971,4,1,14,15,1:32.054,0:00.0,NULL
7200,972,20,6,5,1,1:34.493,1:34.038,1:33.194
7201,972,8,6,7,2,1:34.953,1:33.663,1:33.253
7203,972,1,131,44,4,1:34.409,1:33.760,1:33.767
7214,972,4,1,14,15,1:36.353,1:36.660,NULL
7220,973,1,131,44,1,1:20.511,1:20.210,1:19.149
7221,973,20,6,5,2,1:20.939,1:20.295,1:19.200
7223,973,8,6,7,4,1:20.742,1:20.621,1:19.439
7226,973,4,1,14,7,1:22.015,1:21.251,1:21.048
7240,974,8,6,7,1,1:13.117,1:12.231,1:12.178
7241,974,20,6,5,2,1:13.090,1:12.449,1:12.221
7248,974,18,1,22,9,1:13.723,1:13.453,1:13.613
7253,974,1,131,44,14,1:13.640,1:14.106,NULL
7260,975,1,131,44,1,1:12.692,1:12.496,1:11.459
7261,975,20,6,5,2,1:13.046,1:12.749,1:11.789
7263,975,8,6,7,4,1:13.548,1:12.580,1:12.252
7271,975,4,1,14,12,1:13.669,1:13.693,NULL
7280,976,1,131,44,1,1:41.983,1:41.275,1:40.593
7282,976,8,6,7,3,1:42.678,1:42.090,1:41.693
7283,976,20,6,5,4,1:42.952,1:41.911,1:41.841
7295,976,4,1,14,16,1:44.334,0:00.0,NULL
7299,114,18,16,17,20,0:00.0,0:00.0,NULL
7301,977,20,6,5,2,1:05.585,1:04.772,1:04.293
7302,977,1,131,44,3,1:05.064,1:04.800,1:04.424
7303,977,8,6,7,4,1:05.148,1:05.004,1:04.779
7311,977,4,1,14,12,1:06.158,1:05.602,NULL
7320,978,1,131,44,1,1:39.069,1:27.893,1:26.600
7321,978,8,6,7,2,1:40.455,1:28.992,1:27.147
7322,978,20,6,5,3,1:39.962,1:28.978,1:27.356
7332,978,4,1,14,13,1:37.598,1:30.600,NULL
7340,979,20,6,5,1,1:17.244,1:16.802,1:16.276
7341,979,8,6,7,2,1:17.364,1:17.207,1:16.444
7343,979,1,131,44,4,1:17.492,1:16.693,1:16.707
7347,979,4,1,14,8,1:18.395,1:17.919,1:17.549
7360,980,1,131,44,1,1:44.184,1:42.927,1:42.553
7361,980,20,6,5,2,1:44.275,1:43.987,1:42.795
7363,980,8,6,7,4,1:44.729,1:43.700,1:43.270
7370,980,4,1,14,11,1:45.668,1:45.090,NULL
7380,981,1,131,44,1,1:36.009,1:34.660,1:35.554
7386,981,8,6,7,7,1:38.235,1:37.031,1:37.987
7387,981,20,6,5,8,1:37.198,1:36.223,1:38.064
7392,981,4,1,14,13,1:39.134,1:38.202,NULL
7400,982,20,6,5,1,1:43.336,1:40.529,1:39.491
7403,982,8,6,7,4,1:43.328,1:40.525,1:40.069
7404,982,1,131,44,5,1:42.455,1:40.577,1:40.126
7407,982,4,1,14,8,1:42.086,1:41.442,1:41.179
7420,983,1,131,44,1,1:31.605,1:30.977,1:30.076
7421,983,8,6,7,2,1:32.259,1:30.926,1:30.121
7424,983,20,6,5,20,0:00.0,0:00.0,NULL
7429,983,4,1,14,10,1:33.049,1:32.010,1:31.704
7440,984,1,131,44,1,1:29.047,1:27.819,1:27.319
7442,984,20,6,5,3,1:29.352,1:28.225,1:27.791
7445,984,8,6,7,6,1:29.163,1:29.079,1:28.498
7449,984,4,1,14,10,1:30.525,1:29.749,1:30.687
7460,985,1,131,44,1,1:34.822,1:33.437,1:33.108
7461,985,20,6,5,2,1:35.420,1:34.103,1:33.347
7464,985,8,6,7,5,1:35.649,1:33.840,1:33.577
7468,985,4,1,14,9,1:35.712,1:35.046,1:35.007
7480,986,20,6,5,1,1:17.665,1:16.870,1:16.488
7482,986,1,131,44,3,1:17.518,1:17.035,1:16.934
7484,986,8,6,7,5,1:18.148,1:17.534,1:17.238
7493,986,4,1,14,14,1:17.710,0:00.0,NULL
7500,987,20,6,5,2,1:09.643,1:08.494,1:08.360
7501,987,8,6,7,3,1:09.405,1:09.116,1:08.538
7505,987,4,1,14,7,1:10.172,1:09.593,1:09.617
7519,987,1,131,44,20,0:00.0,0:00.0,NULL
7521,988,1,131,44,2,1:37.391,1:36.742,1:36.403
7522,988,20,6,5,3,1:37.817,1:37.023,1:36.777
7524,988,8,6,7,5,1:37.453,1:37.302,1:36.985
7530,988,4,1,14,11,1:38.820,1:38.636,NULL